,Model,Dataset,ddG_pred,position,wildtype,mutation,pdb,chain
0,ThermoMPNN,7SVC,0.0010342597961425781,0,G,A,7SVC,A
1,ThermoMPNN,7SVC,-0.0656195878982544,0,G,C,7SVC,A
2,ThermoMPNN,7SVC,0.35211753845214844,0,G,D,7SVC,A
3,ThermoMPNN,7SVC,0.43578267097473145,0,G,E,7SVC,A
4,ThermoMPNN,7SVC,0.33993422985076904,0,G,F,7SVC,A
5,ThermoMPNN,7SVC,0.0,0,G,G,7SVC,A
6,ThermoMPNN,7SVC,0.3390515446662903,0,G,H,7SVC,A
7,ThermoMPNN,7SVC,0.17445379495620728,0,G,I,7SVC,A
8,ThermoMPNN,7SVC,0.3372194766998291,0,G,K,7SVC,A
9,ThermoMPNN,7SVC,0.11298465728759766,0,G,L,7SVC,A
10,ThermoMPNN,7SVC,0.1572277545928955,0,G,M,7SVC,A
11,ThermoMPNN,7SVC,0.25414544343948364,0,G,N,7SVC,A
12,ThermoMPNN,7SVC,0.15833145380020142,0,G,P,7SVC,A
13,ThermoMPNN,7SVC,0.2949930429458618,0,G,Q,7SVC,A
14,ThermoMPNN,7SVC,0.39045512676239014,0,G,R,7SVC,A
15,ThermoMPNN,7SVC,0.2373720407485962,0,G,S,7SVC,A
16,ThermoMPNN,7SVC,0.24032658338546753,0,G,T,7SVC,A
17,ThermoMPNN,7SVC,0.07807892560958862,0,G,V,7SVC,A
18,ThermoMPNN,7SVC,0.3273201584815979,0,G,W,7SVC,A
19,ThermoMPNN,7SVC,0.4483439028263092,0,G,Y,7SVC,A
20,ThermoMPNN,7SVC,0.07929205894470215,1,D,A,7SVC,A
21,ThermoMPNN,7SVC,-0.12257087230682373,1,D,C,7SVC,A
22,ThermoMPNN,7SVC,0.0,1,D,D,7SVC,A
23,ThermoMPNN,7SVC,0.1595401167869568,1,D,E,7SVC,A
24,ThermoMPNN,7SVC,0.14777177572250366,1,D,F,7SVC,A
25,ThermoMPNN,7SVC,0.3554190993309021,1,D,G,7SVC,A
26,ThermoMPNN,7SVC,0.006098031997680664,1,D,H,7SVC,A
27,ThermoMPNN,7SVC,0.23606443405151367,1,D,I,7SVC,A
28,ThermoMPNN,7SVC,0.16771048307418823,1,D,K,7SVC,A
29,ThermoMPNN,7SVC,0.058191895484924316,1,D,L,7SVC,A
30,ThermoMPNN,7SVC,0.27214276790618896,1,D,M,7SVC,A
31,ThermoMPNN,7SVC,0.013339519500732422,1,D,N,7SVC,A
32,ThermoMPNN,7SVC,-0.3426167964935303,1,D,P,7SVC,A
33,ThermoMPNN,7SVC,0.23368608951568604,1,D,Q,7SVC,A
34,ThermoMPNN,7SVC,0.20224028825759888,1,D,R,7SVC,A
35,ThermoMPNN,7SVC,-0.0017306208610534668,1,D,S,7SVC,A
36,ThermoMPNN,7SVC,0.16399282217025757,1,D,T,7SVC,A
37,ThermoMPNN,7SVC,0.2668289542198181,1,D,V,7SVC,A
38,ThermoMPNN,7SVC,0.2205207347869873,1,D,W,7SVC,A
39,ThermoMPNN,7SVC,0.10979676246643066,1,D,Y,7SVC,A
40,ThermoMPNN,7SVC,0.041704654693603516,2,D,A,7SVC,A
41,ThermoMPNN,7SVC,-0.03928118944168091,2,D,C,7SVC,A
42,ThermoMPNN,7SVC,0.0,2,D,D,7SVC,A
43,ThermoMPNN,7SVC,-0.029767930507659912,2,D,E,7SVC,A
44,ThermoMPNN,7SVC,0.25417017936706543,2,D,F,7SVC,A
45,ThermoMPNN,7SVC,0.27514106035232544,2,D,G,7SVC,A
46,ThermoMPNN,7SVC,0.18421876430511475,2,D,H,7SVC,A
47,ThermoMPNN,7SVC,0.189580500125885,2,D,I,7SVC,A
48,ThermoMPNN,7SVC,0.313410222530365,2,D,K,7SVC,A
49,ThermoMPNN,7SVC,0.06928378343582153,2,D,L,7SVC,A
50,ThermoMPNN,7SVC,0.16789138317108154,2,D,M,7SVC,A
51,ThermoMPNN,7SVC,0.22403764724731445,2,D,N,7SVC,A
52,ThermoMPNN,7SVC,0.046235620975494385,2,D,P,7SVC,A
53,ThermoMPNN,7SVC,0.12248861789703369,2,D,Q,7SVC,A
54,ThermoMPNN,7SVC,0.3297228217124939,2,D,R,7SVC,A
55,ThermoMPNN,7SVC,0.1881725788116455,2,D,S,7SVC,A
56,ThermoMPNN,7SVC,0.2593788504600525,2,D,T,7SVC,A
57,ThermoMPNN,7SVC,0.21978574991226196,2,D,V,7SVC,A
58,ThermoMPNN,7SVC,0.1941189169883728,2,D,W,7SVC,A
59,ThermoMPNN,7SVC,0.3092615008354187,2,D,Y,7SVC,A
60,ThermoMPNN,7SVC,0.2143152952194214,3,I,A,7SVC,A
61,ThermoMPNN,7SVC,-0.04374396800994873,3,I,C,7SVC,A
62,ThermoMPNN,7SVC,0.2904471755027771,3,I,D,7SVC,A
63,ThermoMPNN,7SVC,-0.024354875087738037,3,I,E,7SVC,A
64,ThermoMPNN,7SVC,-0.023202061653137207,3,I,F,7SVC,A
65,ThermoMPNN,7SVC,0.5825666189193726,3,I,G,7SVC,A
66,ThermoMPNN,7SVC,0.24145299196243286,3,I,H,7SVC,A
67,ThermoMPNN,7SVC,0.0,3,I,I,7SVC,A
68,ThermoMPNN,7SVC,0.42807745933532715,3,I,K,7SVC,A
69,ThermoMPNN,7SVC,0.021761417388916016,3,I,L,7SVC,A
70,ThermoMPNN,7SVC,0.051593899726867676,3,I,M,7SVC,A
71,ThermoMPNN,7SVC,0.49713316559791565,3,I,N,7SVC,A
72,ThermoMPNN,7SVC,0.7267159223556519,3,I,P,7SVC,A
73,ThermoMPNN,7SVC,0.2501647472381592,3,I,Q,7SVC,A
74,ThermoMPNN,7SVC,0.36326122283935547,3,I,R,7SVC,A
75,ThermoMPNN,7SVC,0.402259886264801,3,I,S,7SVC,A
76,ThermoMPNN,7SVC,0.3568919897079468,3,I,T,7SVC,A
77,ThermoMPNN,7SVC,0.12817686796188354,3,I,V,7SVC,A
78,ThermoMPNN,7SVC,-0.14118117094039917,3,I,W,7SVC,A
79,ThermoMPNN,7SVC,-0.0553397536277771,3,I,Y,7SVC,A
80,ThermoMPNN,7SVC,0.7757481336593628,4,Y,A,7SVC,A
81,ThermoMPNN,7SVC,0.5467387437820435,4,Y,C,7SVC,A
82,ThermoMPNN,7SVC,1.2168048620224,4,Y,D,7SVC,A
83,ThermoMPNN,7SVC,1.641686201095581,4,Y,E,7SVC,A
84,ThermoMPNN,7SVC,0.6331261396408081,4,Y,F,7SVC,A
85,ThermoMPNN,7SVC,1.708681344985962,4,Y,G,7SVC,A
86,ThermoMPNN,7SVC,0.9147742986679077,4,Y,H,7SVC,A
87,ThermoMPNN,7SVC,0.9265038967132568,4,Y,I,7SVC,A
88,ThermoMPNN,7SVC,2.235471248626709,4,Y,K,7SVC,A
89,ThermoMPNN,7SVC,1.13700532913208,4,Y,L,7SVC,A
90,ThermoMPNN,7SVC,1.2413630485534668,4,Y,M,7SVC,A
91,ThermoMPNN,7SVC,1.4785798788070679,4,Y,N,7SVC,A
92,ThermoMPNN,7SVC,1.8808784484863281,4,Y,P,7SVC,A
93,ThermoMPNN,7SVC,1.7547632455825806,4,Y,Q,7SVC,A
94,ThermoMPNN,7SVC,2.1754472255706787,4,Y,R,7SVC,A
95,ThermoMPNN,7SVC,1.1265095472335815,4,Y,S,7SVC,A
96,ThermoMPNN,7SVC,1.1188337802886963,4,Y,T,7SVC,A
97,ThermoMPNN,7SVC,0.9244387745857239,4,Y,V,7SVC,A
98,ThermoMPNN,7SVC,0.20172250270843506,4,Y,W,7SVC,A
99,ThermoMPNN,7SVC,0.0,4,Y,Y,7SVC,A
100,ThermoMPNN,7SVC,0.8384602069854736,5,K,A,7SVC,A
101,ThermoMPNN,7SVC,0.3372049331665039,5,K,C,7SVC,A
102,ThermoMPNN,7SVC,1.5203564167022705,5,K,D,7SVC,A
103,ThermoMPNN,7SVC,1.1787364482879639,5,K,E,7SVC,A
104,ThermoMPNN,7SVC,0.4082965850830078,5,K,F,7SVC,A
105,ThermoMPNN,7SVC,1.401804804801941,5,K,G,7SVC,A
106,ThermoMPNN,7SVC,0.5277270078659058,5,K,H,7SVC,A
107,ThermoMPNN,7SVC,0.0484466552734375,5,K,I,7SVC,A
108,ThermoMPNN,7SVC,0.0,5,K,K,7SVC,A
109,ThermoMPNN,7SVC,0.3222137689590454,5,K,L,7SVC,A
110,ThermoMPNN,7SVC,0.38009947538375854,5,K,M,7SVC,A
111,ThermoMPNN,7SVC,0.8071619272232056,5,K,N,7SVC,A
112,ThermoMPNN,7SVC,1.6496498584747314,5,K,P,7SVC,A
113,ThermoMPNN,7SVC,0.5936916470527649,5,K,Q,7SVC,A
114,ThermoMPNN,7SVC,-0.06897366046905518,5,K,R,7SVC,A
115,ThermoMPNN,7SVC,0.8839036226272583,5,K,S,7SVC,A
116,ThermoMPNN,7SVC,0.5860840082168579,5,K,T,7SVC,A
117,ThermoMPNN,7SVC,0.2911146879196167,5,K,V,7SVC,A
118,ThermoMPNN,7SVC,0.38675957918167114,5,K,W,7SVC,A
119,ThermoMPNN,7SVC,0.2983626127243042,5,K,Y,7SVC,A
120,ThermoMPNN,7SVC,0.0,6,A,A,7SVC,A
121,ThermoMPNN,7SVC,-0.05000406503677368,6,A,C,7SVC,A
122,ThermoMPNN,7SVC,0.316196084022522,6,A,D,7SVC,A
123,ThermoMPNN,7SVC,0.03285062313079834,6,A,E,7SVC,A
124,ThermoMPNN,7SVC,0.10367751121520996,6,A,F,7SVC,A
125,ThermoMPNN,7SVC,0.4921753704547882,6,A,G,7SVC,A
126,ThermoMPNN,7SVC,0.13956165313720703,6,A,H,7SVC,A
127,ThermoMPNN,7SVC,-0.03066706657409668,6,A,I,7SVC,A
128,ThermoMPNN,7SVC,-0.0569385290145874,6,A,K,7SVC,A
129,ThermoMPNN,7SVC,-0.0623326301574707,6,A,L,7SVC,A
130,ThermoMPNN,7SVC,-0.029160499572753906,6,A,M,7SVC,A
131,ThermoMPNN,7SVC,0.2401108741760254,6,A,N,7SVC,A
132,ThermoMPNN,7SVC,1.358051061630249,6,A,P,7SVC,A
133,ThermoMPNN,7SVC,-0.01188117265701294,6,A,Q,7SVC,A
134,ThermoMPNN,7SVC,-0.1035912036895752,6,A,R,7SVC,A
135,ThermoMPNN,7SVC,0.16823577880859375,6,A,S,7SVC,A
136,ThermoMPNN,7SVC,0.08035016059875488,6,A,T,7SVC,A
137,ThermoMPNN,7SVC,0.03650951385498047,6,A,V,7SVC,A
138,ThermoMPNN,7SVC,0.021047532558441162,6,A,W,7SVC,A
139,ThermoMPNN,7SVC,0.06369626522064209,6,A,Y,7SVC,A
140,ThermoMPNN,7SVC,0.0,7,A,A,7SVC,A
141,ThermoMPNN,7SVC,-0.1670975685119629,7,A,C,7SVC,A
142,ThermoMPNN,7SVC,0.7613514065742493,7,A,D,7SVC,A
143,ThermoMPNN,7SVC,0.11832237243652344,7,A,E,7SVC,A
144,ThermoMPNN,7SVC,0.05417633056640625,7,A,F,7SVC,A
145,ThermoMPNN,7SVC,0.7991213798522949,7,A,G,7SVC,A
146,ThermoMPNN,7SVC,0.40025651454925537,7,A,H,7SVC,A
147,ThermoMPNN,7SVC,-0.16508471965789795,7,A,I,7SVC,A
148,ThermoMPNN,7SVC,0.42401111125946045,7,A,K,7SVC,A
149,ThermoMPNN,7SVC,-0.3754769563674927,7,A,L,7SVC,A
150,ThermoMPNN,7SVC,-0.3135662078857422,7,A,M,7SVC,A
151,ThermoMPNN,7SVC,0.7066526412963867,7,A,N,7SVC,A
152,ThermoMPNN,7SVC,1.61946439743042,7,A,P,7SVC,A
153,ThermoMPNN,7SVC,0.21035915613174438,7,A,Q,7SVC,A
154,ThermoMPNN,7SVC,0.40930408239364624,7,A,R,7SVC,A
155,ThermoMPNN,7SVC,0.5549356341362,7,A,S,7SVC,A
156,ThermoMPNN,7SVC,0.4988243877887726,7,A,T,7SVC,A
157,ThermoMPNN,7SVC,0.032402217388153076,7,A,V,7SVC,A
158,ThermoMPNN,7SVC,-0.10963118076324463,7,A,W,7SVC,A
159,ThermoMPNN,7SVC,0.011229753494262695,7,A,Y,7SVC,A
160,ThermoMPNN,7SVC,0.14853978157043457,8,V,A,7SVC,A
161,ThermoMPNN,7SVC,0.2079143524169922,8,V,C,7SVC,A
162,ThermoMPNN,7SVC,1.1110284328460693,8,V,D,7SVC,A
163,ThermoMPNN,7SVC,0.9705440998077393,8,V,E,7SVC,A
164,ThermoMPNN,7SVC,0.2531167268753052,8,V,F,7SVC,A
165,ThermoMPNN,7SVC,0.9717942476272583,8,V,G,7SVC,A
166,ThermoMPNN,7SVC,0.6458073854446411,8,V,H,7SVC,A
167,ThermoMPNN,7SVC,-0.030750393867492676,8,V,I,7SVC,A
168,ThermoMPNN,7SVC,0.47890204191207886,8,V,K,7SVC,A
169,ThermoMPNN,7SVC,0.11342084407806396,8,V,L,7SVC,A
170,ThermoMPNN,7SVC,0.197687029838562,8,V,M,7SVC,A
171,ThermoMPNN,7SVC,0.9545266032218933,8,V,N,7SVC,A
172,ThermoMPNN,7SVC,1.1266120672225952,8,V,P,7SVC,A
173,ThermoMPNN,7SVC,0.6066362857818604,8,V,Q,7SVC,A
174,ThermoMPNN,7SVC,0.48298078775405884,8,V,R,7SVC,A
175,ThermoMPNN,7SVC,0.6699378490447998,8,V,S,7SVC,A
176,ThermoMPNN,7SVC,0.6194296479225159,8,V,T,7SVC,A
177,ThermoMPNN,7SVC,0.0,8,V,V,7SVC,A
178,ThermoMPNN,7SVC,0.21997535228729248,8,V,W,7SVC,A
179,ThermoMPNN,7SVC,0.2475833296775818,8,V,Y,7SVC,A
180,ThermoMPNN,7SVC,0.1548248529434204,9,E,A,7SVC,A
181,ThermoMPNN,7SVC,-0.023867785930633545,9,E,C,7SVC,A
182,ThermoMPNN,7SVC,0.12800884246826172,9,E,D,7SVC,A
183,ThermoMPNN,7SVC,0.0,9,E,E,7SVC,A
184,ThermoMPNN,7SVC,0.2093421220779419,9,E,F,7SVC,A
185,ThermoMPNN,7SVC,0.669890284538269,9,E,G,7SVC,A
186,ThermoMPNN,7SVC,0.22516149282455444,9,E,H,7SVC,A
187,ThermoMPNN,7SVC,0.2025008201599121,9,E,I,7SVC,A
188,ThermoMPNN,7SVC,0.2041643261909485,9,E,K,7SVC,A
189,ThermoMPNN,7SVC,0.005555212497711182,9,E,L,7SVC,A
190,ThermoMPNN,7SVC,0.08007347583770752,9,E,M,7SVC,A
191,ThermoMPNN,7SVC,0.1300978660583496,9,E,N,7SVC,A
192,ThermoMPNN,7SVC,1.555050015449524,9,E,P,7SVC,A
193,ThermoMPNN,7SVC,0.09492135047912598,9,E,Q,7SVC,A
194,ThermoMPNN,7SVC,0.20980805158615112,9,E,R,7SVC,A
195,ThermoMPNN,7SVC,0.27432823181152344,9,E,S,7SVC,A
196,ThermoMPNN,7SVC,0.29417431354522705,9,E,T,7SVC,A
197,ThermoMPNN,7SVC,0.32541996240615845,9,E,V,7SVC,A
198,ThermoMPNN,7SVC,0.18547439575195312,9,E,W,7SVC,A
199,ThermoMPNN,7SVC,0.1863718032836914,9,E,Y,7SVC,A
200,ThermoMPNN,7SVC,-0.16312050819396973,10,Q,A,7SVC,A
201,ThermoMPNN,7SVC,0.11288440227508545,10,Q,C,7SVC,A
202,ThermoMPNN,7SVC,0.37978434562683105,10,Q,D,7SVC,A
203,ThermoMPNN,7SVC,0.2048284411430359,10,Q,E,7SVC,A
204,ThermoMPNN,7SVC,0.3333045244216919,10,Q,F,7SVC,A
205,ThermoMPNN,7SVC,0.2782239317893982,10,Q,G,7SVC,A
206,ThermoMPNN,7SVC,0.2502434253692627,10,Q,H,7SVC,A
207,ThermoMPNN,7SVC,0.38512253761291504,10,Q,I,7SVC,A
208,ThermoMPNN,7SVC,0.03870195150375366,10,Q,K,7SVC,A
209,ThermoMPNN,7SVC,0.2412239909172058,10,Q,L,7SVC,A
210,ThermoMPNN,7SVC,0.08267080783843994,10,Q,M,7SVC,A
211,ThermoMPNN,7SVC,0.31771397590637207,10,Q,N,7SVC,A
212,ThermoMPNN,7SVC,1.6149787902832031,10,Q,P,7SVC,A
213,ThermoMPNN,7SVC,0.0,10,Q,Q,7SVC,A
214,ThermoMPNN,7SVC,0.06493949890136719,10,Q,R,7SVC,A
215,ThermoMPNN,7SVC,0.07459723949432373,10,Q,S,7SVC,A
216,ThermoMPNN,7SVC,0.42146551609039307,10,Q,T,7SVC,A
217,ThermoMPNN,7SVC,0.5932389497756958,10,Q,V,7SVC,A
218,ThermoMPNN,7SVC,0.27797210216522217,10,Q,W,7SVC,A
219,ThermoMPNN,7SVC,0.34071826934814453,10,Q,Y,7SVC,A
220,ThermoMPNN,7SVC,1.1667600870132446,11,L,A,7SVC,A
221,ThermoMPNN,7SVC,0.49306046962738037,11,L,C,7SVC,A
222,ThermoMPNN,7SVC,1.6529386043548584,11,L,D,7SVC,A
223,ThermoMPNN,7SVC,1.473944902420044,11,L,E,7SVC,A
224,ThermoMPNN,7SVC,0.15796363353729248,11,L,F,7SVC,A
225,ThermoMPNN,7SVC,1.4205689430236816,11,L,G,7SVC,A
226,ThermoMPNN,7SVC,1.0711907148361206,11,L,H,7SVC,A
227,ThermoMPNN,7SVC,0.9057375192642212,11,L,I,7SVC,A
228,ThermoMPNN,7SVC,1.3522827625274658,11,L,K,7SVC,A
229,ThermoMPNN,7SVC,0.0,11,L,L,7SVC,A
230,ThermoMPNN,7SVC,0.22869837284088135,11,L,M,7SVC,A
231,ThermoMPNN,7SVC,1.4540510177612305,11,L,N,7SVC,A
232,ThermoMPNN,7SVC,2.022099733352661,11,L,P,7SVC,A
233,ThermoMPNN,7SVC,1.1539885997772217,11,L,Q,7SVC,A
234,ThermoMPNN,7SVC,1.343612551689148,11,L,R,7SVC,A
235,ThermoMPNN,7SVC,1.5149462223052979,11,L,S,7SVC,A
236,ThermoMPNN,7SVC,1.5051066875457764,11,L,T,7SVC,A
237,ThermoMPNN,7SVC,1.3340933322906494,11,L,V,7SVC,A
238,ThermoMPNN,7SVC,0.005805373191833496,11,L,W,7SVC,A
239,ThermoMPNN,7SVC,0.18307197093963623,11,L,Y,7SVC,A
240,ThermoMPNN,7SVC,0.8897397518157959,12,T,A,7SVC,A
241,ThermoMPNN,7SVC,0.6550191044807434,12,T,C,7SVC,A
242,ThermoMPNN,7SVC,0.19025254249572754,12,T,D,7SVC,A
243,ThermoMPNN,7SVC,0.9979096055030823,12,T,E,7SVC,A
244,ThermoMPNN,7SVC,1.3218257427215576,12,T,F,7SVC,A
245,ThermoMPNN,7SVC,0.7939702272415161,12,T,G,7SVC,A
246,ThermoMPNN,7SVC,0.9142014980316162,12,T,H,7SVC,A
247,ThermoMPNN,7SVC,1.293304443359375,12,T,I,7SVC,A
248,ThermoMPNN,7SVC,1.0944948196411133,12,T,K,7SVC,A
249,ThermoMPNN,7SVC,1.1024696826934814,12,T,L,7SVC,A
250,ThermoMPNN,7SVC,1.1502275466918945,12,T,M,7SVC,A
251,ThermoMPNN,7SVC,0.20900893211364746,12,T,N,7SVC,A
252,ThermoMPNN,7SVC,1.1817821264266968,12,T,P,7SVC,A
253,ThermoMPNN,7SVC,1.1659026145935059,12,T,Q,7SVC,A
254,ThermoMPNN,7SVC,1.0567424297332764,12,T,R,7SVC,A
255,ThermoMPNN,7SVC,0.03206145763397217,12,T,S,7SVC,A
256,ThermoMPNN,7SVC,0.0,12,T,T,7SVC,A
257,ThermoMPNN,7SVC,1.295655369758606,12,T,V,7SVC,A
258,ThermoMPNN,7SVC,1.2768404483795166,12,T,W,7SVC,A
259,ThermoMPNN,7SVC,1.2799022197723389,12,T,Y,7SVC,A
260,ThermoMPNN,7SVC,0.06452471017837524,13,E,A,7SVC,A
261,ThermoMPNN,7SVC,0.08836305141448975,13,E,C,7SVC,A
262,ThermoMPNN,7SVC,0.22431427240371704,13,E,D,7SVC,A
263,ThermoMPNN,7SVC,0.0,13,E,E,7SVC,A
264,ThermoMPNN,7SVC,0.4149714708328247,13,E,F,7SVC,A
265,ThermoMPNN,7SVC,0.44389915466308594,13,E,G,7SVC,A
266,ThermoMPNN,7SVC,0.2618211507797241,13,E,H,7SVC,A
267,ThermoMPNN,7SVC,0.25297027826309204,13,E,I,7SVC,A
268,ThermoMPNN,7SVC,0.27357953786849976,13,E,K,7SVC,A
269,ThermoMPNN,7SVC,0.2514941096305847,13,E,L,7SVC,A
270,ThermoMPNN,7SVC,0.26900559663772583,13,E,M,7SVC,A
271,ThermoMPNN,7SVC,0.39464718103408813,13,E,N,7SVC,A
272,ThermoMPNN,7SVC,0.19457155466079712,13,E,P,7SVC,A
273,ThermoMPNN,7SVC,0.13148748874664307,13,E,Q,7SVC,A
274,ThermoMPNN,7SVC,0.31010884046554565,13,E,R,7SVC,A
275,ThermoMPNN,7SVC,0.20528119802474976,13,E,S,7SVC,A
276,ThermoMPNN,7SVC,0.3316497206687927,13,E,T,7SVC,A
277,ThermoMPNN,7SVC,0.24928367137908936,13,E,V,7SVC,A
278,ThermoMPNN,7SVC,0.3507649898529053,13,E,W,7SVC,A
279,ThermoMPNN,7SVC,0.4169023633003235,13,E,Y,7SVC,A
280,ThermoMPNN,7SVC,0.021255910396575928,14,E,A,7SVC,A
281,ThermoMPNN,7SVC,0.02687937021255493,14,E,C,7SVC,A
282,ThermoMPNN,7SVC,0.25023311376571655,14,E,D,7SVC,A
283,ThermoMPNN,7SVC,0.0,14,E,E,7SVC,A
284,ThermoMPNN,7SVC,0.20363831520080566,14,E,F,7SVC,A
285,ThermoMPNN,7SVC,0.36010807752609253,14,E,G,7SVC,A
286,ThermoMPNN,7SVC,0.24886053800582886,14,E,H,7SVC,A
287,ThermoMPNN,7SVC,0.11189347505569458,14,E,I,7SVC,A
288,ThermoMPNN,7SVC,0.19253689050674438,14,E,K,7SVC,A
289,ThermoMPNN,7SVC,0.13389557600021362,14,E,L,7SVC,A
290,ThermoMPNN,7SVC,0.18757230043411255,14,E,M,7SVC,A
291,ThermoMPNN,7SVC,0.34742850065231323,14,E,N,7SVC,A
292,ThermoMPNN,7SVC,0.7143725156784058,14,E,P,7SVC,A
293,ThermoMPNN,7SVC,0.18218165636062622,14,E,Q,7SVC,A
294,ThermoMPNN,7SVC,0.16089403629302979,14,E,R,7SVC,A
295,ThermoMPNN,7SVC,0.22160834074020386,14,E,S,7SVC,A
296,ThermoMPNN,7SVC,0.25786882638931274,14,E,T,7SVC,A
297,ThermoMPNN,7SVC,0.14442163705825806,14,E,V,7SVC,A
298,ThermoMPNN,7SVC,0.0735052227973938,14,E,W,7SVC,A
299,ThermoMPNN,7SVC,0.12790340185165405,14,E,Y,7SVC,A
300,ThermoMPNN,7SVC,0.5278370380401611,15,Q,A,7SVC,A
301,ThermoMPNN,7SVC,0.6865437626838684,15,Q,C,7SVC,A
302,ThermoMPNN,7SVC,1.0687835216522217,15,Q,D,7SVC,A
303,ThermoMPNN,7SVC,0.40229177474975586,15,Q,E,7SVC,A
304,ThermoMPNN,7SVC,1.0135105848312378,15,Q,F,7SVC,A
305,ThermoMPNN,7SVC,1.1472278833389282,15,Q,G,7SVC,A
306,ThermoMPNN,7SVC,0.8586147427558899,15,Q,H,7SVC,A
307,ThermoMPNN,7SVC,0.8325637578964233,15,Q,I,7SVC,A
308,ThermoMPNN,7SVC,0.7364754676818848,15,Q,K,7SVC,A
309,ThermoMPNN,7SVC,0.6951799392700195,15,Q,L,7SVC,A
310,ThermoMPNN,7SVC,0.28257155418395996,15,Q,M,7SVC,A
311,ThermoMPNN,7SVC,1.1426018476486206,15,Q,N,7SVC,A
312,ThermoMPNN,7SVC,2.517914056777954,15,Q,P,7SVC,A
313,ThermoMPNN,7SVC,0.0,15,Q,Q,7SVC,A
314,ThermoMPNN,7SVC,0.8822537660598755,15,Q,R,7SVC,A
315,ThermoMPNN,7SVC,0.8869093656539917,15,Q,S,7SVC,A
316,ThermoMPNN,7SVC,0.8832653760910034,15,Q,T,7SVC,A
317,ThermoMPNN,7SVC,0.9748093485832214,15,Q,V,7SVC,A
318,ThermoMPNN,7SVC,1.0696492195129395,15,Q,W,7SVC,A
319,ThermoMPNN,7SVC,1.0487456321716309,15,Q,Y,7SVC,A
320,ThermoMPNN,7SVC,1.109878420829773,16,K,A,7SVC,A
321,ThermoMPNN,7SVC,1.0825011730194092,16,K,C,7SVC,A
322,ThermoMPNN,7SVC,2.4994475841522217,16,K,D,7SVC,A
323,ThermoMPNN,7SVC,1.764944076538086,16,K,E,7SVC,A
324,ThermoMPNN,7SVC,1.072474718093872,16,K,F,7SVC,A
325,ThermoMPNN,7SVC,1.9216253757476807,16,K,G,7SVC,A
326,ThermoMPNN,7SVC,1.2061576843261719,16,K,H,7SVC,A
327,ThermoMPNN,7SVC,0.5729005336761475,16,K,I,7SVC,A
328,ThermoMPNN,7SVC,0.0,16,K,K,7SVC,A
329,ThermoMPNN,7SVC,0.8414027690887451,16,K,L,7SVC,A
330,ThermoMPNN,7SVC,0.7080425024032593,16,K,M,7SVC,A
331,ThermoMPNN,7SVC,1.7124440670013428,16,K,N,7SVC,A
332,ThermoMPNN,7SVC,2.628777027130127,16,K,P,7SVC,A
333,ThermoMPNN,7SVC,0.7044845819473267,16,K,Q,7SVC,A
334,ThermoMPNN,7SVC,-0.09745264053344727,16,K,R,7SVC,A
335,ThermoMPNN,7SVC,1.4489221572875977,16,K,S,7SVC,A
336,ThermoMPNN,7SVC,1.2754619121551514,16,K,T,7SVC,A
337,ThermoMPNN,7SVC,0.8710511922836304,16,K,V,7SVC,A
338,ThermoMPNN,7SVC,1.1448304653167725,16,K,W,7SVC,A
339,ThermoMPNN,7SVC,1.0308938026428223,16,K,Y,7SVC,A
340,ThermoMPNN,7SVC,-0.3187158703804016,17,N,A,7SVC,A
341,ThermoMPNN,7SVC,-0.20205599069595337,17,N,C,7SVC,A
342,ThermoMPNN,7SVC,0.16233861446380615,17,N,D,7SVC,A
343,ThermoMPNN,7SVC,0.005002379417419434,17,N,E,7SVC,A
344,ThermoMPNN,7SVC,0.0646815299987793,17,N,F,7SVC,A
345,ThermoMPNN,7SVC,0.21665382385253906,17,N,G,7SVC,A
346,ThermoMPNN,7SVC,0.01896589994430542,17,N,H,7SVC,A
347,ThermoMPNN,7SVC,-0.059504926204681396,17,N,I,7SVC,A
348,ThermoMPNN,7SVC,-0.32309991121292114,17,N,K,7SVC,A
349,ThermoMPNN,7SVC,-0.19236546754837036,17,N,L,7SVC,A
350,ThermoMPNN,7SVC,-0.2647412419319153,17,N,M,7SVC,A
351,ThermoMPNN,7SVC,0.0,17,N,N,7SVC,A
352,ThermoMPNN,7SVC,1.6044172048568726,17,N,P,7SVC,A
353,ThermoMPNN,7SVC,-0.25586479902267456,17,N,Q,7SVC,A
354,ThermoMPNN,7SVC,-0.29638344049453735,17,N,R,7SVC,A
355,ThermoMPNN,7SVC,-0.1074184775352478,17,N,S,7SVC,A
356,ThermoMPNN,7SVC,0.059852659702301025,17,N,T,7SVC,A
357,ThermoMPNN,7SVC,0.11609601974487305,17,N,V,7SVC,A
358,ThermoMPNN,7SVC,-0.004901766777038574,17,N,W,7SVC,A
359,ThermoMPNN,7SVC,0.05623209476470947,17,N,Y,7SVC,A
360,ThermoMPNN,7SVC,-0.16344410181045532,18,E,A,7SVC,A
361,ThermoMPNN,7SVC,-0.3766706585884094,18,E,C,7SVC,A
362,ThermoMPNN,7SVC,0.45284098386764526,18,E,D,7SVC,A
363,ThermoMPNN,7SVC,0.0,18,E,E,7SVC,A
364,ThermoMPNN,7SVC,-0.3456891179084778,18,E,F,7SVC,A
365,ThermoMPNN,7SVC,0.46471017599105835,18,E,G,7SVC,A
366,ThermoMPNN,7SVC,0.027119755744934082,18,E,H,7SVC,A
367,ThermoMPNN,7SVC,-0.4364388585090637,18,E,I,7SVC,A
368,ThermoMPNN,7SVC,-0.07093852758407593,18,E,K,7SVC,A
369,ThermoMPNN,7SVC,-0.3014538884162903,18,E,L,7SVC,A
370,ThermoMPNN,7SVC,-0.2599039077758789,18,E,M,7SVC,A
371,ThermoMPNN,7SVC,0.34689587354660034,18,E,N,7SVC,A
372,ThermoMPNN,7SVC,1.5494005680084229,18,E,P,7SVC,A
373,ThermoMPNN,7SVC,-0.03974658250808716,18,E,Q,7SVC,A
374,ThermoMPNN,7SVC,-0.13316667079925537,18,E,R,7SVC,A
375,ThermoMPNN,7SVC,0.21837309002876282,18,E,S,7SVC,A
376,ThermoMPNN,7SVC,0.12216717004776001,18,E,T,7SVC,A
377,ThermoMPNN,7SVC,-0.25415700674057007,18,E,V,7SVC,A
378,ThermoMPNN,7SVC,-0.3726131319999695,18,E,W,7SVC,A
379,ThermoMPNN,7SVC,-0.3557279706001282,18,E,Y,7SVC,A
380,ThermoMPNN,7SVC,0.43989866971969604,19,F,A,7SVC,A
381,ThermoMPNN,7SVC,0.028002142906188965,19,F,C,7SVC,A
382,ThermoMPNN,7SVC,1.02675199508667,19,F,D,7SVC,A
383,ThermoMPNN,7SVC,0.8801071047782898,19,F,E,7SVC,A
384,ThermoMPNN,7SVC,0.0,19,F,F,7SVC,A
385,ThermoMPNN,7SVC,0.8392663598060608,19,F,G,7SVC,A
386,ThermoMPNN,7SVC,0.4408091902732849,19,F,H,7SVC,A
387,ThermoMPNN,7SVC,-0.10142350196838379,19,F,I,7SVC,A
388,ThermoMPNN,7SVC,0.4967573285102844,19,F,K,7SVC,A
389,ThermoMPNN,7SVC,-0.17710959911346436,19,F,L,7SVC,A
390,ThermoMPNN,7SVC,0.1265394687652588,19,F,M,7SVC,A
391,ThermoMPNN,7SVC,0.8255886435508728,19,F,N,7SVC,A
392,ThermoMPNN,7SVC,0.8905854225158691,19,F,P,7SVC,A
393,ThermoMPNN,7SVC,0.6557315587997437,19,F,Q,7SVC,A
394,ThermoMPNN,7SVC,0.5059296488761902,19,F,R,7SVC,A
395,ThermoMPNN,7SVC,0.8032295107841492,19,F,S,7SVC,A
396,ThermoMPNN,7SVC,0.8121689558029175,19,F,T,7SVC,A
397,ThermoMPNN,7SVC,0.2595733404159546,19,F,V,7SVC,A
398,ThermoMPNN,7SVC,-0.27317512035369873,19,F,W,7SVC,A
399,ThermoMPNN,7SVC,-0.14819586277008057,19,F,Y,7SVC,A
400,ThermoMPNN,7SVC,0.7729483842849731,20,K,A,7SVC,A
401,ThermoMPNN,7SVC,0.8420939445495605,20,K,C,7SVC,A
402,ThermoMPNN,7SVC,2.4147937297821045,20,K,D,7SVC,A
403,ThermoMPNN,7SVC,1.6117959022521973,20,K,E,7SVC,A
404,ThermoMPNN,7SVC,0.7609927654266357,20,K,F,7SVC,A
405,ThermoMPNN,7SVC,1.6128515005111694,20,K,G,7SVC,A
406,ThermoMPNN,7SVC,1.0414071083068848,20,K,H,7SVC,A
407,ThermoMPNN,7SVC,1.098149299621582,20,K,I,7SVC,A
408,ThermoMPNN,7SVC,0.0,20,K,K,7SVC,A
409,ThermoMPNN,7SVC,0.5713586807250977,20,K,L,7SVC,A
410,ThermoMPNN,7SVC,0.5136415958404541,20,K,M,7SVC,A
411,ThermoMPNN,7SVC,1.7406632900238037,20,K,N,7SVC,A
412,ThermoMPNN,7SVC,2.7052536010742188,20,K,P,7SVC,A
413,ThermoMPNN,7SVC,0.5742107629776001,20,K,Q,7SVC,A
414,ThermoMPNN,7SVC,-0.27603769302368164,20,K,R,7SVC,A
415,ThermoMPNN,7SVC,1.5115548372268677,20,K,S,7SVC,A
416,ThermoMPNN,7SVC,1.710680603981018,20,K,T,7SVC,A
417,ThermoMPNN,7SVC,1.2614847421646118,20,K,V,7SVC,A
418,ThermoMPNN,7SVC,0.6878424882888794,20,K,W,7SVC,A
419,ThermoMPNN,7SVC,0.7652076482772827,20,K,Y,7SVC,A
420,ThermoMPNN,7SVC,0.0,21,A,A,7SVC,A
421,ThermoMPNN,7SVC,-0.07518613338470459,21,A,C,7SVC,A
422,ThermoMPNN,7SVC,0.5062680244445801,21,A,D,7SVC,A
423,ThermoMPNN,7SVC,0.146914541721344,21,A,E,7SVC,A
424,ThermoMPNN,7SVC,0.16833090782165527,21,A,F,7SVC,A
425,ThermoMPNN,7SVC,0.48867151141166687,21,A,G,7SVC,A
426,ThermoMPNN,7SVC,0.03057384490966797,21,A,H,7SVC,A
427,ThermoMPNN,7SVC,-0.09841430187225342,21,A,I,7SVC,A
428,ThermoMPNN,7SVC,-0.23735594749450684,21,A,K,7SVC,A
429,ThermoMPNN,7SVC,-0.05162549018859863,21,A,L,7SVC,A
430,ThermoMPNN,7SVC,-0.02825075387954712,21,A,M,7SVC,A
431,ThermoMPNN,7SVC,0.2019197940826416,21,A,N,7SVC,A
432,ThermoMPNN,7SVC,1.317833423614502,21,A,P,7SVC,A
433,ThermoMPNN,7SVC,-0.08814501762390137,21,A,Q,7SVC,A
434,ThermoMPNN,7SVC,-0.23669874668121338,21,A,R,7SVC,A
435,ThermoMPNN,7SVC,0.13119876384735107,21,A,S,7SVC,A
436,ThermoMPNN,7SVC,0.0025176405906677246,21,A,T,7SVC,A
437,ThermoMPNN,7SVC,-0.05453282594680786,21,A,V,7SVC,A
438,ThermoMPNN,7SVC,0.14403307437896729,21,A,W,7SVC,A
439,ThermoMPNN,7SVC,0.07624119520187378,21,A,Y,7SVC,A
440,ThermoMPNN,7SVC,0.0,22,A,A,7SVC,A
441,ThermoMPNN,7SVC,-0.5644351840019226,22,A,C,7SVC,A
442,ThermoMPNN,7SVC,0.9995285272598267,22,A,D,7SVC,A
443,ThermoMPNN,7SVC,0.6978656649589539,22,A,E,7SVC,A
444,ThermoMPNN,7SVC,-0.3210529685020447,22,A,F,7SVC,A
445,ThermoMPNN,7SVC,0.8528438210487366,22,A,G,7SVC,A
446,ThermoMPNN,7SVC,0.30409663915634155,22,A,H,7SVC,A
447,ThermoMPNN,7SVC,-0.5540092587471008,22,A,I,7SVC,A
448,ThermoMPNN,7SVC,0.41873177886009216,22,A,K,7SVC,A
449,ThermoMPNN,7SVC,-0.6327609419822693,22,A,L,7SVC,A
450,ThermoMPNN,7SVC,-0.4034971594810486,22,A,M,7SVC,A
451,ThermoMPNN,7SVC,0.6572594046592712,22,A,N,7SVC,A
452,ThermoMPNN,7SVC,0.9764541983604431,22,A,P,7SVC,A
453,ThermoMPNN,7SVC,0.4852476716041565,22,A,Q,7SVC,A
454,ThermoMPNN,7SVC,0.4766005873680115,22,A,R,7SVC,A
455,ThermoMPNN,7SVC,0.5865862369537354,22,A,S,7SVC,A
456,ThermoMPNN,7SVC,0.46012601256370544,22,A,T,7SVC,A
457,ThermoMPNN,7SVC,-0.29945939779281616,22,A,V,7SVC,A
458,ThermoMPNN,7SVC,-0.553605854511261,22,A,W,7SVC,A
459,ThermoMPNN,7SVC,-0.32470208406448364,22,A,Y,7SVC,A
460,ThermoMPNN,7SVC,1.8548452854156494,23,F,A,7SVC,A
461,ThermoMPNN,7SVC,1.3315320014953613,23,F,C,7SVC,A
462,ThermoMPNN,7SVC,2.3305587768554688,23,F,D,7SVC,A
463,ThermoMPNN,7SVC,2.3159565925598145,23,F,E,7SVC,A
464,ThermoMPNN,7SVC,0.0,23,F,F,7SVC,A
465,ThermoMPNN,7SVC,1.8492196798324585,23,F,G,7SVC,A
466,ThermoMPNN,7SVC,1.5341665744781494,23,F,H,7SVC,A
467,ThermoMPNN,7SVC,1.5496160984039307,23,F,I,7SVC,A
468,ThermoMPNN,7SVC,1.9965307712554932,23,F,K,7SVC,A
469,ThermoMPNN,7SVC,1.3933749198913574,23,F,L,7SVC,A
470,ThermoMPNN,7SVC,1.5043281316757202,23,F,M,7SVC,A
471,ThermoMPNN,7SVC,2.1278133392333984,23,F,N,7SVC,A
472,ThermoMPNN,7SVC,2.0327494144439697,23,F,P,7SVC,A
473,ThermoMPNN,7SVC,2.0440399646759033,23,F,Q,7SVC,A
474,ThermoMPNN,7SVC,1.8209284543991089,23,F,R,7SVC,A
475,ThermoMPNN,7SVC,2.147822618484497,23,F,S,7SVC,A
476,ThermoMPNN,7SVC,2.080850839614868,23,F,T,7SVC,A
477,ThermoMPNN,7SVC,1.5966870784759521,23,F,V,7SVC,A
478,ThermoMPNN,7SVC,0.37655210494995117,23,F,W,7SVC,A
479,ThermoMPNN,7SVC,0.031074047088623047,23,F,Y,7SVC,A
480,ThermoMPNN,7SVC,0.16097122430801392,24,D,A,7SVC,A
481,ThermoMPNN,7SVC,-0.29035061597824097,24,D,C,7SVC,A
482,ThermoMPNN,7SVC,0.0,24,D,D,7SVC,A
483,ThermoMPNN,7SVC,-0.0012579560279846191,24,D,E,7SVC,A
484,ThermoMPNN,7SVC,-0.12767702341079712,24,D,F,7SVC,A
485,ThermoMPNN,7SVC,0.7858052253723145,24,D,G,7SVC,A
486,ThermoMPNN,7SVC,0.0935525894165039,24,D,H,7SVC,A
487,ThermoMPNN,7SVC,-0.0636134147644043,24,D,I,7SVC,A
488,ThermoMPNN,7SVC,0.18530893325805664,24,D,K,7SVC,A
489,ThermoMPNN,7SVC,-0.1101301908493042,24,D,L,7SVC,A
490,ThermoMPNN,7SVC,-0.06512683629989624,24,D,M,7SVC,A
491,ThermoMPNN,7SVC,0.1672160029411316,24,D,N,7SVC,A
492,ThermoMPNN,7SVC,2.3320164680480957,24,D,P,7SVC,A
493,ThermoMPNN,7SVC,0.0561528205871582,24,D,Q,7SVC,A
494,ThermoMPNN,7SVC,0.06798672676086426,24,D,R,7SVC,A
495,ThermoMPNN,7SVC,0.32562965154647827,24,D,S,7SVC,A
496,ThermoMPNN,7SVC,0.22854715585708618,24,D,T,7SVC,A
497,ThermoMPNN,7SVC,0.06247711181640625,24,D,V,7SVC,A
498,ThermoMPNN,7SVC,-0.10919684171676636,24,D,W,7SVC,A
499,ThermoMPNN,7SVC,-0.13348239660263062,24,D,Y,7SVC,A
500,ThermoMPNN,7SVC,0.6401663422584534,25,I,A,7SVC,A
501,ThermoMPNN,7SVC,0.17285692691802979,25,I,C,7SVC,A
502,ThermoMPNN,7SVC,1.4430363178253174,25,I,D,7SVC,A
503,ThermoMPNN,7SVC,1.1050236225128174,25,I,E,7SVC,A
504,ThermoMPNN,7SVC,0.11340534687042236,25,I,F,7SVC,A
505,ThermoMPNN,7SVC,1.3502833843231201,25,I,G,7SVC,A
506,ThermoMPNN,7SVC,0.6580237150192261,25,I,H,7SVC,A
507,ThermoMPNN,7SVC,0.0,25,I,I,7SVC,A
508,ThermoMPNN,7SVC,0.5315964221954346,25,I,K,7SVC,A
509,ThermoMPNN,7SVC,0.05490314960479736,25,I,L,7SVC,A
510,ThermoMPNN,7SVC,0.23163831233978271,25,I,M,7SVC,A
511,ThermoMPNN,7SVC,1.0110068321228027,25,I,N,7SVC,A
512,ThermoMPNN,7SVC,1.941002607345581,25,I,P,7SVC,A
513,ThermoMPNN,7SVC,0.7690559029579163,25,I,Q,7SVC,A
514,ThermoMPNN,7SVC,0.45985251665115356,25,I,R,7SVC,A
515,ThermoMPNN,7SVC,0.9651008248329163,25,I,S,7SVC,A
516,ThermoMPNN,7SVC,0.7776941061019897,25,I,T,7SVC,A
517,ThermoMPNN,7SVC,0.3036355972290039,25,I,V,7SVC,A
518,ThermoMPNN,7SVC,-0.019528508186340332,25,I,W,7SVC,A
519,ThermoMPNN,7SVC,0.026428580284118652,25,I,Y,7SVC,A
520,ThermoMPNN,7SVC,0.3649856448173523,26,F,A,7SVC,A
521,ThermoMPNN,7SVC,0.025241374969482422,26,F,C,7SVC,A
522,ThermoMPNN,7SVC,1.6584746837615967,26,F,D,7SVC,A
523,ThermoMPNN,7SVC,1.639822006225586,26,F,E,7SVC,A
524,ThermoMPNN,7SVC,0.0,26,F,F,7SVC,A
525,ThermoMPNN,7SVC,0.8382347822189331,26,F,G,7SVC,A
526,ThermoMPNN,7SVC,0.9691165685653687,26,F,H,7SVC,A
527,ThermoMPNN,7SVC,0.3635519742965698,26,F,I,7SVC,A
528,ThermoMPNN,7SVC,1.1359660625457764,26,F,K,7SVC,A
529,ThermoMPNN,7SVC,-0.3110318183898926,26,F,L,7SVC,A
530,ThermoMPNN,7SVC,0.09876585006713867,26,F,M,7SVC,A
531,ThermoMPNN,7SVC,1.1866443157196045,26,F,N,7SVC,A
532,ThermoMPNN,7SVC,1.871405839920044,26,F,P,7SVC,A
533,ThermoMPNN,7SVC,1.2240118980407715,26,F,Q,7SVC,A
534,ThermoMPNN,7SVC,1.2038309574127197,26,F,R,7SVC,A
535,ThermoMPNN,7SVC,1.0501245260238647,26,F,S,7SVC,A
536,ThermoMPNN,7SVC,1.0926978588104248,26,F,T,7SVC,A
537,ThermoMPNN,7SVC,0.5858597755432129,26,F,V,7SVC,A
538,ThermoMPNN,7SVC,-0.012649059295654297,26,F,W,7SVC,A
539,ThermoMPNN,7SVC,0.12769544124603271,26,F,Y,7SVC,A
540,ThermoMPNN,7SVC,0.09291887283325195,27,V,A,7SVC,A
541,ThermoMPNN,7SVC,0.156402587890625,27,V,C,7SVC,A
542,ThermoMPNN,7SVC,1.9016575813293457,27,V,D,7SVC,A
543,ThermoMPNN,7SVC,1.7099950313568115,27,V,E,7SVC,A
544,ThermoMPNN,7SVC,0.7900331020355225,27,V,F,7SVC,A
545,ThermoMPNN,7SVC,0.9049174189567566,27,V,G,7SVC,A
546,ThermoMPNN,7SVC,1.028611421585083,27,V,H,7SVC,A
547,ThermoMPNN,7SVC,0.3614804744720459,27,V,I,7SVC,A
548,ThermoMPNN,7SVC,0.9404407739639282,27,V,K,7SVC,A
549,ThermoMPNN,7SVC,0.7809429168701172,27,V,L,7SVC,A
550,ThermoMPNN,7SVC,0.6006972193717957,27,V,M,7SVC,A
551,ThermoMPNN,7SVC,1.3757359981536865,27,V,N,7SVC,A
552,ThermoMPNN,7SVC,1.3270821571350098,27,V,P,7SVC,A
553,ThermoMPNN,7SVC,0.952225923538208,27,V,Q,7SVC,A
554,ThermoMPNN,7SVC,0.7595708966255188,27,V,R,7SVC,A
555,ThermoMPNN,7SVC,0.14660990238189697,27,V,S,7SVC,A
556,ThermoMPNN,7SVC,-0.12244486808776855,27,V,T,7SVC,A
557,ThermoMPNN,7SVC,0.0,27,V,V,7SVC,A
558,ThermoMPNN,7SVC,1.023436188697815,27,V,W,7SVC,A
559,ThermoMPNN,7SVC,0.8520364761352539,27,V,Y,7SVC,A
560,ThermoMPNN,7SVC,-0.0869641900062561,28,L,A,7SVC,A
561,ThermoMPNN,7SVC,-0.04435688257217407,28,L,C,7SVC,A
562,ThermoMPNN,7SVC,0.43525511026382446,28,L,D,7SVC,A
563,ThermoMPNN,7SVC,0.1894887089729309,28,L,E,7SVC,A
564,ThermoMPNN,7SVC,0.12041765451431274,28,L,F,7SVC,A
565,ThermoMPNN,7SVC,0.4076780080795288,28,L,G,7SVC,A
566,ThermoMPNN,7SVC,0.23147571086883545,28,L,H,7SVC,A
567,ThermoMPNN,7SVC,0.14984554052352905,28,L,I,7SVC,A
568,ThermoMPNN,7SVC,-0.07683485746383667,28,L,K,7SVC,A
569,ThermoMPNN,7SVC,0.0,28,L,L,7SVC,A
570,ThermoMPNN,7SVC,0.02834421396255493,28,L,M,7SVC,A
571,ThermoMPNN,7SVC,0.32492172718048096,28,L,N,7SVC,A
572,ThermoMPNN,7SVC,1.5049971342086792,28,L,P,7SVC,A
573,ThermoMPNN,7SVC,0.0721246600151062,28,L,Q,7SVC,A
574,ThermoMPNN,7SVC,-0.14506405591964722,28,L,R,7SVC,A
575,ThermoMPNN,7SVC,0.1708282232284546,28,L,S,7SVC,A
576,ThermoMPNN,7SVC,0.3134722113609314,28,L,T,7SVC,A
577,ThermoMPNN,7SVC,0.26928263902664185,28,L,V,7SVC,A
578,ThermoMPNN,7SVC,0.07837635278701782,28,L,W,7SVC,A
579,ThermoMPNN,7SVC,0.11841750144958496,28,L,Y,7SVC,A
580,ThermoMPNN,7SVC,0.85331791639328,29,G,A,7SVC,A
581,ThermoMPNN,7SVC,0.3384833335876465,29,G,C,7SVC,A
582,ThermoMPNN,7SVC,0.9310277700424194,29,G,D,7SVC,A
583,ThermoMPNN,7SVC,0.8316441178321838,29,G,E,7SVC,A
584,ThermoMPNN,7SVC,0.7798861861228943,29,G,F,7SVC,A
585,ThermoMPNN,7SVC,0.0,29,G,G,7SVC,A
586,ThermoMPNN,7SVC,0.6766778230667114,29,G,H,7SVC,A
587,ThermoMPNN,7SVC,1.2528972625732422,29,G,I,7SVC,A
588,ThermoMPNN,7SVC,0.8798984289169312,29,G,K,7SVC,A
589,ThermoMPNN,7SVC,0.7597348690032959,29,G,L,7SVC,A
590,ThermoMPNN,7SVC,0.7629716992378235,29,G,M,7SVC,A
591,ThermoMPNN,7SVC,0.6144030094146729,29,G,N,7SVC,A
592,ThermoMPNN,7SVC,1.4810494184494019,29,G,P,7SVC,A
593,ThermoMPNN,7SVC,0.8658031821250916,29,G,Q,7SVC,A
594,ThermoMPNN,7SVC,0.8732942342758179,29,G,R,7SVC,A
595,ThermoMPNN,7SVC,0.9850548505783081,29,G,S,7SVC,A
596,ThermoMPNN,7SVC,1.231622338294983,29,G,T,7SVC,A
597,ThermoMPNN,7SVC,1.2268047332763672,29,G,V,7SVC,A
598,ThermoMPNN,7SVC,0.9118002653121948,29,G,W,7SVC,A
599,ThermoMPNN,7SVC,0.776160717010498,29,G,Y,7SVC,A
600,ThermoMPNN,7SVC,0.0,30,A,A,7SVC,A
601,ThermoMPNN,7SVC,0.21089816093444824,30,A,C,7SVC,A
602,ThermoMPNN,7SVC,0.4881362318992615,30,A,D,7SVC,A
603,ThermoMPNN,7SVC,0.7129310369491577,30,A,E,7SVC,A
604,ThermoMPNN,7SVC,0.6279972195625305,30,A,F,7SVC,A
605,ThermoMPNN,7SVC,0.29601067304611206,30,A,G,7SVC,A
606,ThermoMPNN,7SVC,0.6476162672042847,30,A,H,7SVC,A
607,ThermoMPNN,7SVC,0.6092326641082764,30,A,I,7SVC,A
608,ThermoMPNN,7SVC,0.5809953212738037,30,A,K,7SVC,A
609,ThermoMPNN,7SVC,0.4147305488586426,30,A,L,7SVC,A
610,ThermoMPNN,7SVC,0.3860882520675659,30,A,M,7SVC,A
611,ThermoMPNN,7SVC,0.4833923578262329,30,A,N,7SVC,A
612,ThermoMPNN,7SVC,0.6753743290901184,30,A,P,7SVC,A
613,ThermoMPNN,7SVC,0.5521329641342163,30,A,Q,7SVC,A
614,ThermoMPNN,7SVC,0.6028185486793518,30,A,R,7SVC,A
615,ThermoMPNN,7SVC,-0.006462693214416504,30,A,S,7SVC,A
616,ThermoMPNN,7SVC,0.11960625648498535,30,A,T,7SVC,A
617,ThermoMPNN,7SVC,0.5407084226608276,30,A,V,7SVC,A
618,ThermoMPNN,7SVC,0.5214709043502808,30,A,W,7SVC,A
619,ThermoMPNN,7SVC,0.6436212062835693,30,A,Y,7SVC,A
620,ThermoMPNN,7SVC,-0.026279330253601074,31,E,A,7SVC,A
621,ThermoMPNN,7SVC,-0.036361098289489746,31,E,C,7SVC,A
622,ThermoMPNN,7SVC,0.045505404472351074,31,E,D,7SVC,A
623,ThermoMPNN,7SVC,0.0,31,E,E,7SVC,A
624,ThermoMPNN,7SVC,0.30247360467910767,31,E,F,7SVC,A
625,ThermoMPNN,7SVC,0.25556039810180664,31,E,G,7SVC,A
626,ThermoMPNN,7SVC,0.15455251932144165,31,E,H,7SVC,A
627,ThermoMPNN,7SVC,0.183188796043396,31,E,I,7SVC,A
628,ThermoMPNN,7SVC,0.04700577259063721,31,E,K,7SVC,A
629,ThermoMPNN,7SVC,0.1155957579612732,31,E,L,7SVC,A
630,ThermoMPNN,7SVC,0.2030758261680603,31,E,M,7SVC,A
631,ThermoMPNN,7SVC,0.13139820098876953,31,E,N,7SVC,A
632,ThermoMPNN,7SVC,0.005064249038696289,31,E,P,7SVC,A
633,ThermoMPNN,7SVC,0.03342658281326294,31,E,Q,7SVC,A
634,ThermoMPNN,7SVC,0.12155145406723022,31,E,R,7SVC,A
635,ThermoMPNN,7SVC,0.051517486572265625,31,E,S,7SVC,A
636,ThermoMPNN,7SVC,0.17044585943222046,31,E,T,7SVC,A
637,ThermoMPNN,7SVC,0.18059617280960083,31,E,V,7SVC,A
638,ThermoMPNN,7SVC,0.30890244245529175,31,E,W,7SVC,A
639,ThermoMPNN,7SVC,0.3239179849624634,31,E,Y,7SVC,A
640,ThermoMPNN,7SVC,0.48710620403289795,32,D,A,7SVC,A
641,ThermoMPNN,7SVC,-0.10767269134521484,32,D,C,7SVC,A
642,ThermoMPNN,7SVC,0.0,32,D,D,7SVC,A
643,ThermoMPNN,7SVC,0.49118053913116455,32,D,E,7SVC,A
644,ThermoMPNN,7SVC,0.14097273349761963,32,D,F,7SVC,A
645,ThermoMPNN,7SVC,0.2855660319328308,32,D,G,7SVC,A
646,ThermoMPNN,7SVC,0.3121073246002197,32,D,H,7SVC,A
647,ThermoMPNN,7SVC,0.901642382144928,32,D,I,7SVC,A
648,ThermoMPNN,7SVC,0.4258384704589844,32,D,K,7SVC,A
649,ThermoMPNN,7SVC,0.45527714490890503,32,D,L,7SVC,A
650,ThermoMPNN,7SVC,0.47021085023880005,32,D,M,7SVC,A
651,ThermoMPNN,7SVC,-0.09695982933044434,32,D,N,7SVC,A
652,ThermoMPNN,7SVC,1.473412275314331,32,D,P,7SVC,A
653,ThermoMPNN,7SVC,0.5767245888710022,32,D,Q,7SVC,A
654,ThermoMPNN,7SVC,0.41608327627182007,32,D,R,7SVC,A
655,ThermoMPNN,7SVC,0.3614276051521301,32,D,S,7SVC,A
656,ThermoMPNN,7SVC,0.562086820602417,32,D,T,7SVC,A
657,ThermoMPNN,7SVC,0.925344705581665,32,D,V,7SVC,A
658,ThermoMPNN,7SVC,0.38599348068237305,32,D,W,7SVC,A
659,ThermoMPNN,7SVC,0.3543959856033325,32,D,Y,7SVC,A
660,ThermoMPNN,7SVC,0.6186771392822266,33,G,A,7SVC,A
661,ThermoMPNN,7SVC,0.21973419189453125,33,G,C,7SVC,A
662,ThermoMPNN,7SVC,0.9403502941131592,33,G,D,7SVC,A
663,ThermoMPNN,7SVC,0.8351914882659912,33,G,E,7SVC,A
664,ThermoMPNN,7SVC,0.6127216219902039,33,G,F,7SVC,A
665,ThermoMPNN,7SVC,0.0,33,G,G,7SVC,A
666,ThermoMPNN,7SVC,0.3787148594856262,33,G,H,7SVC,A
667,ThermoMPNN,7SVC,1.1435376405715942,33,G,I,7SVC,A
668,ThermoMPNN,7SVC,0.4688674807548523,33,G,K,7SVC,A
669,ThermoMPNN,7SVC,0.6038446426391602,33,G,L,7SVC,A
670,ThermoMPNN,7SVC,0.5085422396659851,33,G,M,7SVC,A
671,ThermoMPNN,7SVC,0.3617081046104431,33,G,N,7SVC,A
672,ThermoMPNN,7SVC,1.502814769744873,33,G,P,7SVC,A
673,ThermoMPNN,7SVC,0.513974666595459,33,G,Q,7SVC,A
674,ThermoMPNN,7SVC,0.5126042366027832,33,G,R,7SVC,A
675,ThermoMPNN,7SVC,0.7470443248748779,33,G,S,7SVC,A
676,ThermoMPNN,7SVC,1.1135921478271484,33,G,T,7SVC,A
677,ThermoMPNN,7SVC,1.0924100875854492,33,G,V,7SVC,A
678,ThermoMPNN,7SVC,0.8817118406295776,33,G,W,7SVC,A
679,ThermoMPNN,7SVC,0.7177091836929321,33,G,Y,7SVC,A
680,ThermoMPNN,7SVC,0.39972585439682007,34,C,A,7SVC,A
681,ThermoMPNN,7SVC,0.0,34,C,C,7SVC,A
682,ThermoMPNN,7SVC,0.8164260983467102,34,C,D,7SVC,A
683,ThermoMPNN,7SVC,0.6217458844184875,34,C,E,7SVC,A
684,ThermoMPNN,7SVC,0.24736469984054565,34,C,F,7SVC,A
685,ThermoMPNN,7SVC,0.6610723733901978,34,C,G,7SVC,A
686,ThermoMPNN,7SVC,0.2980862259864807,34,C,H,7SVC,A
687,ThermoMPNN,7SVC,0.4001915454864502,34,C,I,7SVC,A
688,ThermoMPNN,7SVC,-0.007694840431213379,34,C,K,7SVC,A
689,ThermoMPNN,7SVC,0.047754764556884766,34,C,L,7SVC,A
690,ThermoMPNN,7SVC,0.038696885108947754,34,C,M,7SVC,A
691,ThermoMPNN,7SVC,0.3745051622390747,34,C,N,7SVC,A
692,ThermoMPNN,7SVC,1.3462445735931396,34,C,P,7SVC,A
693,ThermoMPNN,7SVC,0.09037798643112183,34,C,Q,7SVC,A
694,ThermoMPNN,7SVC,0.04799318313598633,34,C,R,7SVC,A
695,ThermoMPNN,7SVC,0.4405181407928467,34,C,S,7SVC,A
696,ThermoMPNN,7SVC,0.25897061824798584,34,C,T,7SVC,A
697,ThermoMPNN,7SVC,0.29614144563674927,34,C,V,7SVC,A
698,ThermoMPNN,7SVC,0.21808207035064697,34,C,W,7SVC,A
699,ThermoMPNN,7SVC,0.29521268606185913,34,C,Y,7SVC,A
700,ThermoMPNN,7SVC,2.219503402709961,35,I,A,7SVC,A
701,ThermoMPNN,7SVC,1.4869977235794067,35,I,C,7SVC,A
702,ThermoMPNN,7SVC,3.400956392288208,35,I,D,7SVC,A
703,ThermoMPNN,7SVC,3.073390483856201,35,I,E,7SVC,A
704,ThermoMPNN,7SVC,0.9670290946960449,35,I,F,7SVC,A
705,ThermoMPNN,7SVC,3.016832113265991,35,I,G,7SVC,A
706,ThermoMPNN,7SVC,2.716015577316284,35,I,H,7SVC,A
707,ThermoMPNN,7SVC,0.0,35,I,I,7SVC,A
708,ThermoMPNN,7SVC,2.8921396732330322,35,I,K,7SVC,A
709,ThermoMPNN,7SVC,0.6047799587249756,35,I,L,7SVC,A
710,ThermoMPNN,7SVC,1.071681261062622,35,I,M,7SVC,A
711,ThermoMPNN,7SVC,3.106135129928589,35,I,N,7SVC,A
712,ThermoMPNN,7SVC,3.0014476776123047,35,I,P,7SVC,A
713,ThermoMPNN,7SVC,2.911463975906372,35,I,Q,7SVC,A
714,ThermoMPNN,7SVC,2.8527371883392334,35,I,R,7SVC,A
715,ThermoMPNN,7SVC,2.9449989795684814,35,I,S,7SVC,A
716,ThermoMPNN,7SVC,2.567870616912842,35,I,T,7SVC,A
717,ThermoMPNN,7SVC,0.8241207599639893,35,I,V,7SVC,A
718,ThermoMPNN,7SVC,1.4705379009246826,35,I,W,7SVC,A
719,ThermoMPNN,7SVC,1.5648608207702637,35,I,Y,7SVC,A
720,ThermoMPNN,7SVC,0.09140133857727051,36,S,A,7SVC,A
721,ThermoMPNN,7SVC,0.18186163902282715,36,S,C,7SVC,A
722,ThermoMPNN,7SVC,0.397860586643219,36,S,D,7SVC,A
723,ThermoMPNN,7SVC,0.6759507060050964,36,S,E,7SVC,A
724,ThermoMPNN,7SVC,0.7633615732192993,36,S,F,7SVC,A
725,ThermoMPNN,7SVC,-0.09758532047271729,36,S,G,7SVC,A
726,ThermoMPNN,7SVC,0.5951156616210938,36,S,H,7SVC,A
727,ThermoMPNN,7SVC,0.8746875524520874,36,S,I,7SVC,A
728,ThermoMPNN,7SVC,0.500399112701416,36,S,K,7SVC,A
729,ThermoMPNN,7SVC,0.8372229337692261,36,S,L,7SVC,A
730,ThermoMPNN,7SVC,0.692265510559082,36,S,M,7SVC,A
731,ThermoMPNN,7SVC,0.28130847215652466,36,S,N,7SVC,A
732,ThermoMPNN,7SVC,1.20505690574646,36,S,P,7SVC,A
733,ThermoMPNN,7SVC,0.6795896887779236,36,S,Q,7SVC,A
734,ThermoMPNN,7SVC,0.5474629402160645,36,S,R,7SVC,A
735,ThermoMPNN,7SVC,0.0,36,S,S,7SVC,A
736,ThermoMPNN,7SVC,0.1999669075012207,36,S,T,7SVC,A
737,ThermoMPNN,7SVC,0.8139249086380005,36,S,V,7SVC,A
738,ThermoMPNN,7SVC,0.762603759765625,36,S,W,7SVC,A
739,ThermoMPNN,7SVC,0.847581684589386,36,S,Y,7SVC,A
740,ThermoMPNN,7SVC,-0.06344598531723022,37,T,A,7SVC,A
741,ThermoMPNN,7SVC,-0.2432282567024231,37,T,C,7SVC,A
742,ThermoMPNN,7SVC,0.6788275837898254,37,T,D,7SVC,A
743,ThermoMPNN,7SVC,0.3582985997200012,37,T,E,7SVC,A
744,ThermoMPNN,7SVC,-0.23946654796600342,37,T,F,7SVC,A
745,ThermoMPNN,7SVC,0.27910205721855164,37,T,G,7SVC,A
746,ThermoMPNN,7SVC,-0.002969026565551758,37,T,H,7SVC,A
747,ThermoMPNN,7SVC,-0.3989793062210083,37,T,I,7SVC,A
748,ThermoMPNN,7SVC,-0.022066235542297363,37,T,K,7SVC,A
749,ThermoMPNN,7SVC,-0.07517504692077637,37,T,L,7SVC,A
750,ThermoMPNN,7SVC,-0.08936238288879395,37,T,M,7SVC,A
751,ThermoMPNN,7SVC,0.379350483417511,37,T,N,7SVC,A
752,ThermoMPNN,7SVC,-0.42584335803985596,37,T,P,7SVC,A
753,ThermoMPNN,7SVC,0.19929322600364685,37,T,Q,7SVC,A
754,ThermoMPNN,7SVC,-0.07055652141571045,37,T,R,7SVC,A
755,ThermoMPNN,7SVC,0.11031472682952881,37,T,S,7SVC,A
756,ThermoMPNN,7SVC,0.0,37,T,T,7SVC,A
757,ThermoMPNN,7SVC,-0.4001274108886719,37,T,V,7SVC,A
758,ThermoMPNN,7SVC,-0.38098251819610596,37,T,W,7SVC,A
759,ThermoMPNN,7SVC,-0.2930293679237366,37,T,Y,7SVC,A
760,ThermoMPNN,7SVC,-0.2916695475578308,38,K,A,7SVC,A
761,ThermoMPNN,7SVC,-0.3204762935638428,38,K,C,7SVC,A
762,ThermoMPNN,7SVC,-0.17246264219284058,38,K,D,7SVC,A
763,ThermoMPNN,7SVC,-0.3670727610588074,38,K,E,7SVC,A
764,ThermoMPNN,7SVC,-0.13881134986877441,38,K,F,7SVC,A
765,ThermoMPNN,7SVC,0.2023790180683136,38,K,G,7SVC,A
766,ThermoMPNN,7SVC,-0.04898291826248169,38,K,H,7SVC,A
767,ThermoMPNN,7SVC,-0.17387151718139648,38,K,I,7SVC,A
768,ThermoMPNN,7SVC,0.0,38,K,K,7SVC,A
769,ThermoMPNN,7SVC,-0.10744643211364746,38,K,L,7SVC,A
770,ThermoMPNN,7SVC,-0.030574262142181396,38,K,M,7SVC,A
771,ThermoMPNN,7SVC,0.06488567590713501,38,K,N,7SVC,A
772,ThermoMPNN,7SVC,0.5370738506317139,38,K,P,7SVC,A
773,ThermoMPNN,7SVC,-0.07097899913787842,38,K,Q,7SVC,A
774,ThermoMPNN,7SVC,-0.06162530183792114,38,K,R,7SVC,A
775,ThermoMPNN,7SVC,-0.06148809194564819,38,K,S,7SVC,A
776,ThermoMPNN,7SVC,0.009433448314666748,38,K,T,7SVC,A
777,ThermoMPNN,7SVC,-0.21114104986190796,38,K,V,7SVC,A
778,ThermoMPNN,7SVC,-0.3436013460159302,38,K,W,7SVC,A
779,ThermoMPNN,7SVC,-0.2706168293952942,38,K,Y,7SVC,A
780,ThermoMPNN,7SVC,0.6788134574890137,39,E,A,7SVC,A
781,ThermoMPNN,7SVC,0.8320757150650024,39,E,C,7SVC,A
782,ThermoMPNN,7SVC,0.40595972537994385,39,E,D,7SVC,A
783,ThermoMPNN,7SVC,0.0,39,E,E,7SVC,A
784,ThermoMPNN,7SVC,1.3782155513763428,39,E,F,7SVC,A
785,ThermoMPNN,7SVC,1.6393601894378662,39,E,G,7SVC,A
786,ThermoMPNN,7SVC,1.028057336807251,39,E,H,7SVC,A
787,ThermoMPNN,7SVC,0.966961681842804,39,E,I,7SVC,A
788,ThermoMPNN,7SVC,1.1854015588760376,39,E,K,7SVC,A
789,ThermoMPNN,7SVC,0.5901215672492981,39,E,L,7SVC,A
790,ThermoMPNN,7SVC,0.7366024255752563,39,E,M,7SVC,A
791,ThermoMPNN,7SVC,1.0629655122756958,39,E,N,7SVC,A
792,ThermoMPNN,7SVC,1.1649764776229858,39,E,P,7SVC,A
793,ThermoMPNN,7SVC,0.4086562395095825,39,E,Q,7SVC,A
794,ThermoMPNN,7SVC,1.2109613418579102,39,E,R,7SVC,A
795,ThermoMPNN,7SVC,0.8502333164215088,39,E,S,7SVC,A
796,ThermoMPNN,7SVC,0.9101696610450745,39,E,T,7SVC,A
797,ThermoMPNN,7SVC,0.9850012063980103,39,E,V,7SVC,A
798,ThermoMPNN,7SVC,1.1920007467269897,39,E,W,7SVC,A
799,ThermoMPNN,7SVC,1.2839982509613037,39,E,Y,7SVC,A
800,ThermoMPNN,7SVC,1.461039662361145,40,L,A,7SVC,A
801,ThermoMPNN,7SVC,0.9424241781234741,40,L,C,7SVC,A
802,ThermoMPNN,7SVC,2.5726795196533203,40,L,D,7SVC,A
803,ThermoMPNN,7SVC,2.3623223304748535,40,L,E,7SVC,A
804,ThermoMPNN,7SVC,0.8262747526168823,40,L,F,7SVC,A
805,ThermoMPNN,7SVC,2.0872488021850586,40,L,G,7SVC,A
806,ThermoMPNN,7SVC,2.1733450889587402,40,L,H,7SVC,A
807,ThermoMPNN,7SVC,1.1215227842330933,40,L,I,7SVC,A
808,ThermoMPNN,7SVC,2.3385009765625,40,L,K,7SVC,A
809,ThermoMPNN,7SVC,0.0,40,L,L,7SVC,A
810,ThermoMPNN,7SVC,0.7627139091491699,40,L,M,7SVC,A
811,ThermoMPNN,7SVC,2.4689090251922607,40,L,N,7SVC,A
812,ThermoMPNN,7SVC,2.506338357925415,40,L,P,7SVC,A
813,ThermoMPNN,7SVC,2.344672918319702,40,L,Q,7SVC,A
814,ThermoMPNN,7SVC,2.339348793029785,40,L,R,7SVC,A
815,ThermoMPNN,7SVC,2.338581085205078,40,L,S,7SVC,A
816,ThermoMPNN,7SVC,2.403671979904175,40,L,T,7SVC,A
817,ThermoMPNN,7SVC,1.4880120754241943,40,L,V,7SVC,A
818,ThermoMPNN,7SVC,1.0901991128921509,40,L,W,7SVC,A
819,ThermoMPNN,7SVC,1.3316090106964111,40,L,Y,7SVC,A
820,ThermoMPNN,7SVC,-0.24629074335098267,41,G,A,7SVC,A
821,ThermoMPNN,7SVC,-0.7414501309394836,41,G,C,7SVC,A
822,ThermoMPNN,7SVC,1.0746654272079468,41,G,D,7SVC,A
823,ThermoMPNN,7SVC,0.3476901650428772,41,G,E,7SVC,A
824,ThermoMPNN,7SVC,-0.38969987630844116,41,G,F,7SVC,A
825,ThermoMPNN,7SVC,0.0,41,G,G,7SVC,A
826,ThermoMPNN,7SVC,0.392097532749176,41,G,H,7SVC,A
827,ThermoMPNN,7SVC,-0.7274361252784729,41,G,I,7SVC,A
828,ThermoMPNN,7SVC,0.5808836817741394,41,G,K,7SVC,A
829,ThermoMPNN,7SVC,-0.6218186020851135,41,G,L,7SVC,A
830,ThermoMPNN,7SVC,-0.573236882686615,41,G,M,7SVC,A
831,ThermoMPNN,7SVC,0.9108740091323853,41,G,N,7SVC,A
832,ThermoMPNN,7SVC,2.033141851425171,41,G,P,7SVC,A
833,ThermoMPNN,7SVC,0.3090880513191223,41,G,Q,7SVC,A
834,ThermoMPNN,7SVC,0.43498826026916504,41,G,R,7SVC,A
835,ThermoMPNN,7SVC,0.011295735836029053,41,G,S,7SVC,A
836,ThermoMPNN,7SVC,0.2048700451850891,41,G,T,7SVC,A
837,ThermoMPNN,7SVC,-0.6819176077842712,41,G,V,7SVC,A
838,ThermoMPNN,7SVC,-0.5268459916114807,41,G,W,7SVC,A
839,ThermoMPNN,7SVC,-0.24431461095809937,41,G,Y,7SVC,A
840,ThermoMPNN,7SVC,-0.0904848575592041,42,K,A,7SVC,A
841,ThermoMPNN,7SVC,-0.19552898406982422,42,K,C,7SVC,A
842,ThermoMPNN,7SVC,0.5105583667755127,42,K,D,7SVC,A
843,ThermoMPNN,7SVC,0.1251225471496582,42,K,E,7SVC,A
844,ThermoMPNN,7SVC,-0.06365954875946045,42,K,F,7SVC,A
845,ThermoMPNN,7SVC,0.5526284575462341,42,K,G,7SVC,A
846,ThermoMPNN,7SVC,0.20273882150650024,42,K,H,7SVC,A
847,ThermoMPNN,7SVC,0.09873640537261963,42,K,I,7SVC,A
848,ThermoMPNN,7SVC,0.0,42,K,K,7SVC,A
849,ThermoMPNN,7SVC,-0.04227417707443237,42,K,L,7SVC,A
850,ThermoMPNN,7SVC,-0.06514716148376465,42,K,M,7SVC,A
851,ThermoMPNN,7SVC,0.44850513339042664,42,K,N,7SVC,A
852,ThermoMPNN,7SVC,2.044161081314087,42,K,P,7SVC,A
853,ThermoMPNN,7SVC,0.04068732261657715,42,K,Q,7SVC,A
854,ThermoMPNN,7SVC,-0.08167803287506104,42,K,R,7SVC,A
855,ThermoMPNN,7SVC,0.24783366918563843,42,K,S,7SVC,A
856,ThermoMPNN,7SVC,0.3600069284439087,42,K,T,7SVC,A
857,ThermoMPNN,7SVC,0.2367834448814392,42,K,V,7SVC,A
858,ThermoMPNN,7SVC,-0.19478416442871094,42,K,W,7SVC,A
859,ThermoMPNN,7SVC,-0.12429964542388916,42,K,Y,7SVC,A
860,ThermoMPNN,7SVC,0.504853367805481,43,V,A,7SVC,A
861,ThermoMPNN,7SVC,0.001986861228942871,43,V,C,7SVC,A
862,ThermoMPNN,7SVC,1.849585771560669,43,V,D,7SVC,A
863,ThermoMPNN,7SVC,1.4885926246643066,43,V,E,7SVC,A
864,ThermoMPNN,7SVC,-0.19719171524047852,43,V,F,7SVC,A
865,ThermoMPNN,7SVC,1.3759419918060303,43,V,G,7SVC,A
866,ThermoMPNN,7SVC,0.8218061327934265,43,V,H,7SVC,A
867,ThermoMPNN,7SVC,-0.12517642974853516,43,V,I,7SVC,A
868,ThermoMPNN,7SVC,1.111527919769287,43,V,K,7SVC,A
869,ThermoMPNN,7SVC,-0.1342991590499878,43,V,L,7SVC,A
870,ThermoMPNN,7SVC,0.03698587417602539,43,V,M,7SVC,A
871,ThermoMPNN,7SVC,1.2974927425384521,43,V,N,7SVC,A
872,ThermoMPNN,7SVC,2.0270206928253174,43,V,P,7SVC,A
873,ThermoMPNN,7SVC,1.0584518909454346,43,V,Q,7SVC,A
874,ThermoMPNN,7SVC,1.0550681352615356,43,V,R,7SVC,A
875,ThermoMPNN,7SVC,1.0371657609939575,43,V,S,7SVC,A
876,ThermoMPNN,7SVC,0.974769115447998,43,V,T,7SVC,A
877,ThermoMPNN,7SVC,0.0,43,V,V,7SVC,A
878,ThermoMPNN,7SVC,-0.3526184558868408,43,V,W,7SVC,A
879,ThermoMPNN,7SVC,-0.2462618350982666,43,V,Y,7SVC,A
880,ThermoMPNN,7SVC,1.1927586793899536,44,M,A,7SVC,A
881,ThermoMPNN,7SVC,0.41025233268737793,44,M,C,7SVC,A
882,ThermoMPNN,7SVC,2.29152774810791,44,M,D,7SVC,A
883,ThermoMPNN,7SVC,1.90812349319458,44,M,E,7SVC,A
884,ThermoMPNN,7SVC,0.2917623519897461,44,M,F,7SVC,A
885,ThermoMPNN,7SVC,1.780332088470459,44,M,G,7SVC,A
886,ThermoMPNN,7SVC,1.444108009338379,44,M,H,7SVC,A
887,ThermoMPNN,7SVC,0.33968377113342285,44,M,I,7SVC,A
888,ThermoMPNN,7SVC,1.805330514907837,44,M,K,7SVC,A
889,ThermoMPNN,7SVC,-0.19959640502929688,44,M,L,7SVC,A
890,ThermoMPNN,7SVC,0.0,44,M,M,7SVC,A
891,ThermoMPNN,7SVC,1.7996360063552856,44,M,N,7SVC,A
892,ThermoMPNN,7SVC,2.181770086288452,44,M,P,7SVC,A
893,ThermoMPNN,7SVC,1.6924407482147217,44,M,Q,7SVC,A
894,ThermoMPNN,7SVC,1.6932849884033203,44,M,R,7SVC,A
895,ThermoMPNN,7SVC,1.7840325832366943,44,M,S,7SVC,A
896,ThermoMPNN,7SVC,1.6467671394348145,44,M,T,7SVC,A
897,ThermoMPNN,7SVC,0.826014518737793,44,M,V,7SVC,A
898,ThermoMPNN,7SVC,0.3866325616836548,44,M,W,7SVC,A
899,ThermoMPNN,7SVC,0.500723123550415,44,M,Y,7SVC,A
900,ThermoMPNN,7SVC,0.2790476083755493,45,R,A,7SVC,A
901,ThermoMPNN,7SVC,0.3385171890258789,45,R,C,7SVC,A
902,ThermoMPNN,7SVC,1.0712370872497559,45,R,D,7SVC,A
903,ThermoMPNN,7SVC,0.6761119365692139,45,R,E,7SVC,A
904,ThermoMPNN,7SVC,0.579807460308075,45,R,F,7SVC,A
905,ThermoMPNN,7SVC,0.9428254961967468,45,R,G,7SVC,A
906,ThermoMPNN,7SVC,0.5637335181236267,45,R,H,7SVC,A
907,ThermoMPNN,7SVC,0.296789288520813,45,R,I,7SVC,A
908,ThermoMPNN,7SVC,0.18466520309448242,45,R,K,7SVC,A
909,ThermoMPNN,7SVC,0.35363173484802246,45,R,L,7SVC,A
910,ThermoMPNN,7SVC,0.23643255233764648,45,R,M,7SVC,A
911,ThermoMPNN,7SVC,0.8710087537765503,45,R,N,7SVC,A
912,ThermoMPNN,7SVC,1.9689610004425049,45,R,P,7SVC,A
913,ThermoMPNN,7SVC,0.34854352474212646,45,R,Q,7SVC,A
914,ThermoMPNN,7SVC,0.0,45,R,R,7SVC,A
915,ThermoMPNN,7SVC,0.5857963562011719,45,R,S,7SVC,A
916,ThermoMPNN,7SVC,0.6464405059814453,45,R,T,7SVC,A
917,ThermoMPNN,7SVC,0.4196019768714905,45,R,V,7SVC,A
918,ThermoMPNN,7SVC,0.44347357749938965,45,R,W,7SVC,A
919,ThermoMPNN,7SVC,0.5158045291900635,45,R,Y,7SVC,A
920,ThermoMPNN,7SVC,0.2983683943748474,46,M,A,7SVC,A
921,ThermoMPNN,7SVC,-0.012494325637817383,46,M,C,7SVC,A
922,ThermoMPNN,7SVC,0.8314948678016663,46,M,D,7SVC,A
923,ThermoMPNN,7SVC,0.6186709403991699,46,M,E,7SVC,A
924,ThermoMPNN,7SVC,0.11220908164978027,46,M,F,7SVC,A
925,ThermoMPNN,7SVC,0.6585392951965332,46,M,G,7SVC,A
926,ThermoMPNN,7SVC,0.45836782455444336,46,M,H,7SVC,A
927,ThermoMPNN,7SVC,0.17201697826385498,46,M,I,7SVC,A
928,ThermoMPNN,7SVC,0.32098859548568726,46,M,K,7SVC,A
929,ThermoMPNN,7SVC,0.009225606918334961,46,M,L,7SVC,A
930,ThermoMPNN,7SVC,0.0,46,M,M,7SVC,A
931,ThermoMPNN,7SVC,0.6438841819763184,46,M,N,7SVC,A
932,ThermoMPNN,7SVC,1.4461536407470703,46,M,P,7SVC,A
933,ThermoMPNN,7SVC,0.3919558525085449,46,M,Q,7SVC,A
934,ThermoMPNN,7SVC,0.2905648350715637,46,M,R,7SVC,A
935,ThermoMPNN,7SVC,0.5110442042350769,46,M,S,7SVC,A
936,ThermoMPNN,7SVC,0.5989665985107422,46,M,T,7SVC,A
937,ThermoMPNN,7SVC,0.40037989616394043,46,M,V,7SVC,A
938,ThermoMPNN,7SVC,-0.07777369022369385,46,M,W,7SVC,A
939,ThermoMPNN,7SVC,0.09858810901641846,46,M,Y,7SVC,A
940,ThermoMPNN,7SVC,0.4877520799636841,47,L,A,7SVC,A
941,ThermoMPNN,7SVC,0.03313100337982178,47,L,C,7SVC,A
942,ThermoMPNN,7SVC,1.0623319149017334,47,L,D,7SVC,A
943,ThermoMPNN,7SVC,0.891790509223938,47,L,E,7SVC,A
944,ThermoMPNN,7SVC,-0.12258517742156982,47,L,F,7SVC,A
945,ThermoMPNN,7SVC,0.7890357971191406,47,L,G,7SVC,A
946,ThermoMPNN,7SVC,0.4132259488105774,47,L,H,7SVC,A
947,ThermoMPNN,7SVC,0.1666848063468933,47,L,I,7SVC,A
948,ThermoMPNN,7SVC,0.5090973973274231,47,L,K,7SVC,A
949,ThermoMPNN,7SVC,0.0,47,L,L,7SVC,A
950,ThermoMPNN,7SVC,0.17233598232269287,47,L,M,7SVC,A
951,ThermoMPNN,7SVC,0.681433916091919,47,L,N,7SVC,A
952,ThermoMPNN,7SVC,1.172494888305664,47,L,P,7SVC,A
953,ThermoMPNN,7SVC,0.6422247290611267,47,L,Q,7SVC,A
954,ThermoMPNN,7SVC,0.5194910764694214,47,L,R,7SVC,A
955,ThermoMPNN,7SVC,0.5967013835906982,47,L,S,7SVC,A
956,ThermoMPNN,7SVC,0.5200825929641724,47,L,T,7SVC,A
957,ThermoMPNN,7SVC,0.4078865647315979,47,L,V,7SVC,A
958,ThermoMPNN,7SVC,-0.23447740077972412,47,L,W,7SVC,A
959,ThermoMPNN,7SVC,-0.13154566287994385,47,L,Y,7SVC,A
960,ThermoMPNN,7SVC,1.2453114986419678,48,G,A,7SVC,A
961,ThermoMPNN,7SVC,0.6267508268356323,48,G,C,7SVC,A
962,ThermoMPNN,7SVC,1.2783063650131226,48,G,D,7SVC,A
963,ThermoMPNN,7SVC,1.325122594833374,48,G,E,7SVC,A
964,ThermoMPNN,7SVC,1.1368201971054077,48,G,F,7SVC,A
965,ThermoMPNN,7SVC,0.0,48,G,G,7SVC,A
966,ThermoMPNN,7SVC,1.073633074760437,48,G,H,7SVC,A
967,ThermoMPNN,7SVC,1.6064057350158691,48,G,I,7SVC,A
968,ThermoMPNN,7SVC,1.363513708114624,48,G,K,7SVC,A
969,ThermoMPNN,7SVC,1.2122886180877686,48,G,L,7SVC,A
970,ThermoMPNN,7SVC,1.215895414352417,48,G,M,7SVC,A
971,ThermoMPNN,7SVC,0.9814745783805847,48,G,N,7SVC,A
972,ThermoMPNN,7SVC,1.8216230869293213,48,G,P,7SVC,A
973,ThermoMPNN,7SVC,1.3545429706573486,48,G,Q,7SVC,A
974,ThermoMPNN,7SVC,1.3036940097808838,48,G,R,7SVC,A
975,ThermoMPNN,7SVC,1.316980004310608,48,G,S,7SVC,A
976,ThermoMPNN,7SVC,1.616997241973877,48,G,T,7SVC,A
977,ThermoMPNN,7SVC,1.5847430229187012,48,G,V,7SVC,A
978,ThermoMPNN,7SVC,1.285377860069275,48,G,W,7SVC,A
979,ThermoMPNN,7SVC,1.1894879341125488,48,G,Y,7SVC,A
980,ThermoMPNN,7SVC,-0.06713181734085083,49,Q,A,7SVC,A
981,ThermoMPNN,7SVC,-0.42927348613739014,49,Q,C,7SVC,A
982,ThermoMPNN,7SVC,0.1708087921142578,49,Q,D,7SVC,A
983,ThermoMPNN,7SVC,0.07390433549880981,49,Q,E,7SVC,A
984,ThermoMPNN,7SVC,-0.3143625259399414,49,Q,F,7SVC,A
985,ThermoMPNN,7SVC,0.11290550231933594,49,Q,G,7SVC,A
986,ThermoMPNN,7SVC,-0.1670932173728943,49,Q,H,7SVC,A
987,ThermoMPNN,7SVC,-0.15284687280654907,49,Q,I,7SVC,A
988,ThermoMPNN,7SVC,0.04393935203552246,49,Q,K,7SVC,A
989,ThermoMPNN,7SVC,-0.16086184978485107,49,Q,L,7SVC,A
990,ThermoMPNN,7SVC,-0.1930478811264038,49,Q,M,7SVC,A
991,ThermoMPNN,7SVC,0.011068403720855713,49,Q,N,7SVC,A
992,ThermoMPNN,7SVC,0.43175750970840454,49,Q,P,7SVC,A
993,ThermoMPNN,7SVC,0.0,49,Q,Q,7SVC,A
994,ThermoMPNN,7SVC,0.030998647212982178,49,Q,R,7SVC,A
995,ThermoMPNN,7SVC,0.03469294309616089,49,Q,S,7SVC,A
996,ThermoMPNN,7SVC,0.005891084671020508,49,Q,T,7SVC,A
997,ThermoMPNN,7SVC,0.01420736312866211,49,Q,V,7SVC,A
998,ThermoMPNN,7SVC,-0.34859979152679443,49,Q,W,7SVC,A
999,ThermoMPNN,7SVC,-0.22917306423187256,49,Q,Y,7SVC,A
1000,ThermoMPNN,7SVC,0.4262734651565552,50,N,A,7SVC,A
1001,ThermoMPNN,7SVC,0.05053246021270752,50,N,C,7SVC,A
1002,ThermoMPNN,7SVC,0.10699462890625,50,N,D,7SVC,A
1003,ThermoMPNN,7SVC,0.4484293460845947,50,N,E,7SVC,A
1004,ThermoMPNN,7SVC,0.1698320508003235,50,N,F,7SVC,A
1005,ThermoMPNN,7SVC,0.5646478533744812,50,N,G,7SVC,A
1006,ThermoMPNN,7SVC,0.27327877283096313,50,N,H,7SVC,A
1007,ThermoMPNN,7SVC,0.4848438501358032,50,N,I,7SVC,A
1008,ThermoMPNN,7SVC,0.49793481826782227,50,N,K,7SVC,A
1009,ThermoMPNN,7SVC,0.30768805742263794,50,N,L,7SVC,A
1010,ThermoMPNN,7SVC,0.36747848987579346,50,N,M,7SVC,A
1011,ThermoMPNN,7SVC,0.0,50,N,N,7SVC,A
1012,ThermoMPNN,7SVC,0.7341768145561218,50,N,P,7SVC,A
1013,ThermoMPNN,7SVC,0.4099513292312622,50,N,Q,7SVC,A
1014,ThermoMPNN,7SVC,0.5339510440826416,50,N,R,7SVC,A
1015,ThermoMPNN,7SVC,0.24172693490982056,50,N,S,7SVC,A
1016,ThermoMPNN,7SVC,0.357698917388916,50,N,T,7SVC,A
1017,ThermoMPNN,7SVC,0.4292370080947876,50,N,V,7SVC,A
1018,ThermoMPNN,7SVC,0.032488346099853516,50,N,W,7SVC,A
1019,ThermoMPNN,7SVC,0.21737658977508545,50,N,Y,7SVC,A
1020,ThermoMPNN,7SVC,0.16694283485412598,51,P,A,7SVC,A
1021,ThermoMPNN,7SVC,-0.21590906381607056,51,P,C,7SVC,A
1022,ThermoMPNN,7SVC,0.5845238566398621,51,P,D,7SVC,A
1023,ThermoMPNN,7SVC,0.5634943246841431,51,P,E,7SVC,A
1024,ThermoMPNN,7SVC,-0.30398881435394287,51,P,F,7SVC,A
1025,ThermoMPNN,7SVC,0.3325149714946747,51,P,G,7SVC,A
1026,ThermoMPNN,7SVC,0.19652599096298218,51,P,H,7SVC,A
1027,ThermoMPNN,7SVC,-0.1947525143623352,51,P,I,7SVC,A
1028,ThermoMPNN,7SVC,0.4349122941493988,51,P,K,7SVC,A
1029,ThermoMPNN,7SVC,-0.14550912380218506,51,P,L,7SVC,A
1030,ThermoMPNN,7SVC,-0.23647433519363403,51,P,M,7SVC,A
1031,ThermoMPNN,7SVC,0.565851628780365,51,P,N,7SVC,A
1032,ThermoMPNN,7SVC,0.0,51,P,P,7SVC,A
1033,ThermoMPNN,7SVC,0.3444800078868866,51,P,Q,7SVC,A
1034,ThermoMPNN,7SVC,0.4062179625034332,51,P,R,7SVC,A
1035,ThermoMPNN,7SVC,0.423361599445343,51,P,S,7SVC,A
1036,ThermoMPNN,7SVC,0.44162753224372864,51,P,T,7SVC,A
1037,ThermoMPNN,7SVC,0.11033207178115845,51,P,V,7SVC,A
1038,ThermoMPNN,7SVC,-0.42784416675567627,51,P,W,7SVC,A
1039,ThermoMPNN,7SVC,-0.3598184585571289,51,P,Y,7SVC,A
1040,ThermoMPNN,7SVC,0.784653902053833,52,T,A,7SVC,A
1041,ThermoMPNN,7SVC,0.5390409231185913,52,T,C,7SVC,A
1042,ThermoMPNN,7SVC,0.28106117248535156,52,T,D,7SVC,A
1043,ThermoMPNN,7SVC,0.9798409938812256,52,T,E,7SVC,A
1044,ThermoMPNN,7SVC,1.0792855024337769,52,T,F,7SVC,A
1045,ThermoMPNN,7SVC,0.7839775085449219,52,T,G,7SVC,A
1046,ThermoMPNN,7SVC,0.7383034825325012,52,T,H,7SVC,A
1047,ThermoMPNN,7SVC,1.1106841564178467,52,T,I,7SVC,A
1048,ThermoMPNN,7SVC,0.9526032209396362,52,T,K,7SVC,A
1049,ThermoMPNN,7SVC,1.0640290975570679,52,T,L,7SVC,A
1050,ThermoMPNN,7SVC,1.1036218404769897,52,T,M,7SVC,A
1051,ThermoMPNN,7SVC,0.31907176971435547,52,T,N,7SVC,A
1052,ThermoMPNN,7SVC,0.739468514919281,52,T,P,7SVC,A
1053,ThermoMPNN,7SVC,1.0762977600097656,52,T,Q,7SVC,A
1054,ThermoMPNN,7SVC,0.9524095058441162,52,T,R,7SVC,A
1055,ThermoMPNN,7SVC,0.019125938415527344,52,T,S,7SVC,A
1056,ThermoMPNN,7SVC,0.0,52,T,T,7SVC,A
1057,ThermoMPNN,7SVC,1.0989511013031006,52,T,V,7SVC,A
1058,ThermoMPNN,7SVC,1.148175597190857,52,T,W,7SVC,A
1059,ThermoMPNN,7SVC,1.0265703201293945,52,T,Y,7SVC,A
1060,ThermoMPNN,7SVC,0.2836606502532959,53,P,A,7SVC,A
1061,ThermoMPNN,7SVC,0.016694188117980957,53,P,C,7SVC,A
1062,ThermoMPNN,7SVC,0.21366530656814575,53,P,D,7SVC,A
1063,ThermoMPNN,7SVC,0.11176109313964844,53,P,E,7SVC,A
1064,ThermoMPNN,7SVC,0.16117268800735474,53,P,F,7SVC,A
1065,ThermoMPNN,7SVC,0.6355605125427246,53,P,G,7SVC,A
1066,ThermoMPNN,7SVC,0.3496844172477722,53,P,H,7SVC,A
1067,ThermoMPNN,7SVC,0.15561211109161377,53,P,I,7SVC,A
1068,ThermoMPNN,7SVC,0.46779802441596985,53,P,K,7SVC,A
1069,ThermoMPNN,7SVC,0.008906245231628418,53,P,L,7SVC,A
1070,ThermoMPNN,7SVC,0.1406710147857666,53,P,M,7SVC,A
1071,ThermoMPNN,7SVC,0.46765708923339844,53,P,N,7SVC,A
1072,ThermoMPNN,7SVC,0.0,53,P,P,7SVC,A
1073,ThermoMPNN,7SVC,0.3414977192878723,53,P,Q,7SVC,A
1074,ThermoMPNN,7SVC,0.4842377007007599,53,P,R,7SVC,A
1075,ThermoMPNN,7SVC,0.4070507884025574,53,P,S,7SVC,A
1076,ThermoMPNN,7SVC,0.39706820249557495,53,P,T,7SVC,A
1077,ThermoMPNN,7SVC,0.29284238815307617,53,P,V,7SVC,A
1078,ThermoMPNN,7SVC,0.01698368787765503,53,P,W,7SVC,A
1079,ThermoMPNN,7SVC,0.12608087062835693,53,P,Y,7SVC,A
1080,ThermoMPNN,7SVC,0.14925700426101685,54,E,A,7SVC,A
1081,ThermoMPNN,7SVC,0.14323633909225464,54,E,C,7SVC,A
1082,ThermoMPNN,7SVC,0.1684834361076355,54,E,D,7SVC,A
1083,ThermoMPNN,7SVC,0.0,54,E,E,7SVC,A
1084,ThermoMPNN,7SVC,0.36034291982650757,54,E,F,7SVC,A
1085,ThermoMPNN,7SVC,0.4799190163612366,54,E,G,7SVC,A
1086,ThermoMPNN,7SVC,0.2764891982078552,54,E,H,7SVC,A
1087,ThermoMPNN,7SVC,0.2117704153060913,54,E,I,7SVC,A
1088,ThermoMPNN,7SVC,0.39275580644607544,54,E,K,7SVC,A
1089,ThermoMPNN,7SVC,0.2559875249862671,54,E,L,7SVC,A
1090,ThermoMPNN,7SVC,0.3343203067779541,54,E,M,7SVC,A
1091,ThermoMPNN,7SVC,0.3729877471923828,54,E,N,7SVC,A
1092,ThermoMPNN,7SVC,0.7707351446151733,54,E,P,7SVC,A
1093,ThermoMPNN,7SVC,0.2563507556915283,54,E,Q,7SVC,A
1094,ThermoMPNN,7SVC,0.3777327537536621,54,E,R,7SVC,A
1095,ThermoMPNN,7SVC,0.31164687871932983,54,E,S,7SVC,A
1096,ThermoMPNN,7SVC,0.3160892724990845,54,E,T,7SVC,A
1097,ThermoMPNN,7SVC,0.188601553440094,54,E,V,7SVC,A
1098,ThermoMPNN,7SVC,0.2513296604156494,54,E,W,7SVC,A
1099,ThermoMPNN,7SVC,0.26109039783477783,54,E,Y,7SVC,A
1100,ThermoMPNN,7SVC,0.13916200399398804,55,E,A,7SVC,A
1101,ThermoMPNN,7SVC,-0.145127534866333,55,E,C,7SVC,A
1102,ThermoMPNN,7SVC,0.35507702827453613,55,E,D,7SVC,A
1103,ThermoMPNN,7SVC,0.0,55,E,E,7SVC,A
1104,ThermoMPNN,7SVC,-0.00266265869140625,55,E,F,7SVC,A
1105,ThermoMPNN,7SVC,0.46449288725852966,55,E,G,7SVC,A
1106,ThermoMPNN,7SVC,0.2937077283859253,55,E,H,7SVC,A
1107,ThermoMPNN,7SVC,0.014514625072479248,55,E,I,7SVC,A
1108,ThermoMPNN,7SVC,0.37018924951553345,55,E,K,7SVC,A
1109,ThermoMPNN,7SVC,0.029720842838287354,55,E,L,7SVC,A
1110,ThermoMPNN,7SVC,0.07201117277145386,55,E,M,7SVC,A
1111,ThermoMPNN,7SVC,0.4974334239959717,55,E,N,7SVC,A
1112,ThermoMPNN,7SVC,0.9902003407478333,55,E,P,7SVC,A
1113,ThermoMPNN,7SVC,0.23369646072387695,55,E,Q,7SVC,A
1114,ThermoMPNN,7SVC,0.35596179962158203,55,E,R,7SVC,A
1115,ThermoMPNN,7SVC,0.2923511862754822,55,E,S,7SVC,A
1116,ThermoMPNN,7SVC,0.19745409488677979,55,E,T,7SVC,A
1117,ThermoMPNN,7SVC,0.07744884490966797,55,E,V,7SVC,A
1118,ThermoMPNN,7SVC,-0.18933475017547607,55,E,W,7SVC,A
1119,ThermoMPNN,7SVC,-0.024518728256225586,55,E,Y,7SVC,A
1120,ThermoMPNN,7SVC,1.3892161846160889,56,L,A,7SVC,A
1121,ThermoMPNN,7SVC,0.6808972358703613,56,L,C,7SVC,A
1122,ThermoMPNN,7SVC,1.969071865081787,56,L,D,7SVC,A
1123,ThermoMPNN,7SVC,1.8579760789871216,56,L,E,7SVC,A
1124,ThermoMPNN,7SVC,0.9401724934577942,56,L,F,7SVC,A
1125,ThermoMPNN,7SVC,1.8564220666885376,56,L,G,7SVC,A
1126,ThermoMPNN,7SVC,1.8100993633270264,56,L,H,7SVC,A
1127,ThermoMPNN,7SVC,0.2571535110473633,56,L,I,7SVC,A
1128,ThermoMPNN,7SVC,1.970353126525879,56,L,K,7SVC,A
1129,ThermoMPNN,7SVC,0.0,56,L,L,7SVC,A
1130,ThermoMPNN,7SVC,0.7309455871582031,56,L,M,7SVC,A
1131,ThermoMPNN,7SVC,1.8080034255981445,56,L,N,7SVC,A
1132,ThermoMPNN,7SVC,1.9291057586669922,56,L,P,7SVC,A
1133,ThermoMPNN,7SVC,1.8764069080352783,56,L,Q,7SVC,A
1134,ThermoMPNN,7SVC,2.121906042098999,56,L,R,7SVC,A
1135,ThermoMPNN,7SVC,1.7082092761993408,56,L,S,7SVC,A
1136,ThermoMPNN,7SVC,1.4679396152496338,56,L,T,7SVC,A
1137,ThermoMPNN,7SVC,0.4867058992385864,56,L,V,7SVC,A
1138,ThermoMPNN,7SVC,1.048029899597168,56,L,W,7SVC,A
1139,ThermoMPNN,7SVC,1.2081749439239502,56,L,Y,7SVC,A
1140,ThermoMPNN,7SVC,0.36745119094848633,57,Q,A,7SVC,A
1141,ThermoMPNN,7SVC,0.46653008460998535,57,Q,C,7SVC,A
1142,ThermoMPNN,7SVC,1.1433511972427368,57,Q,D,7SVC,A
1143,ThermoMPNN,7SVC,0.6810159683227539,57,Q,E,7SVC,A
1144,ThermoMPNN,7SVC,0.6876505613327026,57,Q,F,7SVC,A
1145,ThermoMPNN,7SVC,1.0358991622924805,57,Q,G,7SVC,A
1146,ThermoMPNN,7SVC,0.5987494587898254,57,Q,H,7SVC,A
1147,ThermoMPNN,7SVC,0.3285644054412842,57,Q,I,7SVC,A
1148,ThermoMPNN,7SVC,-0.10403931140899658,57,Q,K,7SVC,A
1149,ThermoMPNN,7SVC,0.31986725330352783,57,Q,L,7SVC,A
1150,ThermoMPNN,7SVC,0.22727560997009277,57,Q,M,7SVC,A
1151,ThermoMPNN,7SVC,0.765302836894989,57,Q,N,7SVC,A
1152,ThermoMPNN,7SVC,1.9855961799621582,57,Q,P,7SVC,A
1153,ThermoMPNN,7SVC,0.0,57,Q,Q,7SVC,A
1154,ThermoMPNN,7SVC,0.009013533592224121,57,Q,R,7SVC,A
1155,ThermoMPNN,7SVC,0.6384189128875732,57,Q,S,7SVC,A
1156,ThermoMPNN,7SVC,0.6659715175628662,57,Q,T,7SVC,A
1157,ThermoMPNN,7SVC,0.477430522441864,57,Q,V,7SVC,A
1158,ThermoMPNN,7SVC,0.6622656583786011,57,Q,W,7SVC,A
1159,ThermoMPNN,7SVC,0.7532385587692261,57,Q,Y,7SVC,A
1160,ThermoMPNN,7SVC,-0.18295347690582275,58,E,A,7SVC,A
1161,ThermoMPNN,7SVC,-0.23747414350509644,58,E,C,7SVC,A
1162,ThermoMPNN,7SVC,0.27106666564941406,58,E,D,7SVC,A
1163,ThermoMPNN,7SVC,0.0,58,E,E,7SVC,A
1164,ThermoMPNN,7SVC,-0.08281159400939941,58,E,F,7SVC,A
1165,ThermoMPNN,7SVC,0.24458903074264526,58,E,G,7SVC,A
1166,ThermoMPNN,7SVC,-0.03002607822418213,58,E,H,7SVC,A
1167,ThermoMPNN,7SVC,-0.3386278748512268,58,E,I,7SVC,A
1168,ThermoMPNN,7SVC,-0.4375794529914856,58,E,K,7SVC,A
1169,ThermoMPNN,7SVC,-0.3931083083152771,58,E,L,7SVC,A
1170,ThermoMPNN,7SVC,-0.31842726469039917,58,E,M,7SVC,A
1171,ThermoMPNN,7SVC,0.04397505521774292,58,E,N,7SVC,A
1172,ThermoMPNN,7SVC,1.1287178993225098,58,E,P,7SVC,A
1173,ThermoMPNN,7SVC,-0.28041261434555054,58,E,Q,7SVC,A
1174,ThermoMPNN,7SVC,-0.46466153860092163,58,E,R,7SVC,A
1175,ThermoMPNN,7SVC,0.02942425012588501,58,E,S,7SVC,A
1176,ThermoMPNN,7SVC,-0.09797710180282593,58,E,T,7SVC,A
1177,ThermoMPNN,7SVC,-0.21803265810012817,58,E,V,7SVC,A
1178,ThermoMPNN,7SVC,-0.06482315063476562,58,E,W,7SVC,A
1179,ThermoMPNN,7SVC,-0.04826998710632324,58,E,Y,7SVC,A
1180,ThermoMPNN,7SVC,0.9051735997200012,59,M,A,7SVC,A
1181,ThermoMPNN,7SVC,0.07836794853210449,59,M,C,7SVC,A
1182,ThermoMPNN,7SVC,1.8585209846496582,59,M,D,7SVC,A
1183,ThermoMPNN,7SVC,1.5928785800933838,59,M,E,7SVC,A
1184,ThermoMPNN,7SVC,-0.29749596118927,59,M,F,7SVC,A
1185,ThermoMPNN,7SVC,1.6802177429199219,59,M,G,7SVC,A
1186,ThermoMPNN,7SVC,0.8239283561706543,59,M,H,7SVC,A
1187,ThermoMPNN,7SVC,-0.518017053604126,59,M,I,7SVC,A
1188,ThermoMPNN,7SVC,0.9918160438537598,59,M,K,7SVC,A
1189,ThermoMPNN,7SVC,-0.2056899070739746,59,M,L,7SVC,A
1190,ThermoMPNN,7SVC,0.0,59,M,M,7SVC,A
1191,ThermoMPNN,7SVC,1.4334741830825806,59,M,N,7SVC,A
1192,ThermoMPNN,7SVC,1.5473620891571045,59,M,P,7SVC,A
1193,ThermoMPNN,7SVC,1.1060266494750977,59,M,Q,7SVC,A
1194,ThermoMPNN,7SVC,1.0060100555419922,59,M,R,7SVC,A
1195,ThermoMPNN,7SVC,1.3379714488983154,59,M,S,7SVC,A
1196,ThermoMPNN,7SVC,1.1092069149017334,59,M,T,7SVC,A
1197,ThermoMPNN,7SVC,-0.015629053115844727,59,M,V,7SVC,A
1198,ThermoMPNN,7SVC,-0.30499696731567383,59,M,W,7SVC,A
1199,ThermoMPNN,7SVC,-0.21660029888153076,59,M,Y,7SVC,A
1200,ThermoMPNN,7SVC,2.233741044998169,60,I,A,7SVC,A
1201,ThermoMPNN,7SVC,1.5587527751922607,60,I,C,7SVC,A
1202,ThermoMPNN,7SVC,2.9035933017730713,60,I,D,7SVC,A
1203,ThermoMPNN,7SVC,2.8034517765045166,60,I,E,7SVC,A
1204,ThermoMPNN,7SVC,1.5664756298065186,60,I,F,7SVC,A
1205,ThermoMPNN,7SVC,2.7790634632110596,60,I,G,7SVC,A
1206,ThermoMPNN,7SVC,2.7411768436431885,60,I,H,7SVC,A
1207,ThermoMPNN,7SVC,0.0,60,I,I,7SVC,A
1208,ThermoMPNN,7SVC,2.6950931549072266,60,I,K,7SVC,A
1209,ThermoMPNN,7SVC,0.42813897132873535,60,I,L,7SVC,A
1210,ThermoMPNN,7SVC,1.259850025177002,60,I,M,7SVC,A
1211,ThermoMPNN,7SVC,2.7562472820281982,60,I,N,7SVC,A
1212,ThermoMPNN,7SVC,2.6582531929016113,60,I,P,7SVC,A
1213,ThermoMPNN,7SVC,2.8145151138305664,60,I,Q,7SVC,A
1214,ThermoMPNN,7SVC,2.669194221496582,60,I,R,7SVC,A
1215,ThermoMPNN,7SVC,2.7812540531158447,60,I,S,7SVC,A
1216,ThermoMPNN,7SVC,2.3356189727783203,60,I,T,7SVC,A
1217,ThermoMPNN,7SVC,0.7308139801025391,60,I,V,7SVC,A
1218,ThermoMPNN,7SVC,2.121239185333252,60,I,W,7SVC,A
1219,ThermoMPNN,7SVC,2.0500354766845703,60,I,Y,7SVC,A
1220,ThermoMPNN,7SVC,-0.352708637714386,61,D,A,7SVC,A
1221,ThermoMPNN,7SVC,-0.300060510635376,61,D,C,7SVC,A
1222,ThermoMPNN,7SVC,0.0,61,D,D,7SVC,A
1223,ThermoMPNN,7SVC,-0.09241348505020142,61,D,E,7SVC,A
1224,ThermoMPNN,7SVC,-0.12091231346130371,61,D,F,7SVC,A
1225,ThermoMPNN,7SVC,0.21886426210403442,61,D,G,7SVC,A
1226,ThermoMPNN,7SVC,-0.11134392023086548,61,D,H,7SVC,A
1227,ThermoMPNN,7SVC,-0.313984215259552,61,D,I,7SVC,A
1228,ThermoMPNN,7SVC,-0.5122175216674805,61,D,K,7SVC,A
1229,ThermoMPNN,7SVC,-0.4099915027618408,61,D,L,7SVC,A
1230,ThermoMPNN,7SVC,-0.36417245864868164,61,D,M,7SVC,A
1231,ThermoMPNN,7SVC,-0.17661941051483154,61,D,N,7SVC,A
1232,ThermoMPNN,7SVC,1.4407718181610107,61,D,P,7SVC,A
1233,ThermoMPNN,7SVC,-0.29788678884506226,61,D,Q,7SVC,A
1234,ThermoMPNN,7SVC,-0.6906788349151611,61,D,R,7SVC,A
1235,ThermoMPNN,7SVC,-0.17811530828475952,61,D,S,7SVC,A
1236,ThermoMPNN,7SVC,-0.09105980396270752,61,D,T,7SVC,A
1237,ThermoMPNN,7SVC,-0.18358922004699707,61,D,V,7SVC,A
1238,ThermoMPNN,7SVC,-0.0909222960472107,61,D,W,7SVC,A
1239,ThermoMPNN,7SVC,-0.09817838668823242,61,D,Y,7SVC,A
1240,ThermoMPNN,7SVC,-0.1888098120689392,62,E,A,7SVC,A
1241,ThermoMPNN,7SVC,-0.22177255153656006,62,E,C,7SVC,A
1242,ThermoMPNN,7SVC,0.170490562915802,62,E,D,7SVC,A
1243,ThermoMPNN,7SVC,0.0,62,E,E,7SVC,A
1244,ThermoMPNN,7SVC,0.046995460987091064,62,E,F,7SVC,A
1245,ThermoMPNN,7SVC,0.35376664996147156,62,E,G,7SVC,A
1246,ThermoMPNN,7SVC,0.12783485651016235,62,E,H,7SVC,A
1247,ThermoMPNN,7SVC,-0.25247323513031006,62,E,I,7SVC,A
1248,ThermoMPNN,7SVC,-0.2546984553337097,62,E,K,7SVC,A
1249,ThermoMPNN,7SVC,-0.3841262459754944,62,E,L,7SVC,A
1250,ThermoMPNN,7SVC,-0.2799277901649475,62,E,M,7SVC,A
1251,ThermoMPNN,7SVC,0.059373557567596436,62,E,N,7SVC,A
1252,ThermoMPNN,7SVC,1.3554415702819824,62,E,P,7SVC,A
1253,ThermoMPNN,7SVC,-0.08972889184951782,62,E,Q,7SVC,A
1254,ThermoMPNN,7SVC,-0.3606192469596863,62,E,R,7SVC,A
1255,ThermoMPNN,7SVC,-0.010254442691802979,62,E,S,7SVC,A
1256,ThermoMPNN,7SVC,0.01400691270828247,62,E,T,7SVC,A
1257,ThermoMPNN,7SVC,-0.09162890911102295,62,E,V,7SVC,A
1258,ThermoMPNN,7SVC,0.004841208457946777,62,E,W,7SVC,A
1259,ThermoMPNN,7SVC,0.06476622819900513,62,E,Y,7SVC,A
1260,ThermoMPNN,7SVC,0.393467515707016,63,V,A,7SVC,A
1261,ThermoMPNN,7SVC,-0.07678508758544922,63,V,C,7SVC,A
1262,ThermoMPNN,7SVC,0.6334022879600525,63,V,D,7SVC,A
1263,ThermoMPNN,7SVC,0.689926028251648,63,V,E,7SVC,A
1264,ThermoMPNN,7SVC,-0.7126947045326233,63,V,F,7SVC,A
1265,ThermoMPNN,7SVC,0.5432765483856201,63,V,G,7SVC,A
1266,ThermoMPNN,7SVC,-0.030846595764160156,63,V,H,7SVC,A
1267,ThermoMPNN,7SVC,0.09557586908340454,63,V,I,7SVC,A
1268,ThermoMPNN,7SVC,0.5480810403823853,63,V,K,7SVC,A
1269,ThermoMPNN,7SVC,0.07862865924835205,63,V,L,7SVC,A
1270,ThermoMPNN,7SVC,0.18108242750167847,63,V,M,7SVC,A
1271,ThermoMPNN,7SVC,0.37674880027770996,63,V,N,7SVC,A
1272,ThermoMPNN,7SVC,0.7756025195121765,63,V,P,7SVC,A
1273,ThermoMPNN,7SVC,0.45275717973709106,63,V,Q,7SVC,A
1274,ThermoMPNN,7SVC,0.48470044136047363,63,V,R,7SVC,A
1275,ThermoMPNN,7SVC,0.48679107427597046,63,V,S,7SVC,A
1276,ThermoMPNN,7SVC,0.439219206571579,63,V,T,7SVC,A
1277,ThermoMPNN,7SVC,0.0,63,V,V,7SVC,A
1278,ThermoMPNN,7SVC,-1.112001657485962,63,V,W,7SVC,A
1279,ThermoMPNN,7SVC,-1.0618553161621094,63,V,Y,7SVC,A
1280,ThermoMPNN,7SVC,0.5524014234542847,64,D,A,7SVC,A
1281,ThermoMPNN,7SVC,0.36160963773727417,64,D,C,7SVC,A
1282,ThermoMPNN,7SVC,0.0,64,D,D,7SVC,A
1283,ThermoMPNN,7SVC,0.8305983543395996,64,D,E,7SVC,A
1284,ThermoMPNN,7SVC,0.4271165132522583,64,D,F,7SVC,A
1285,ThermoMPNN,7SVC,0.9335558414459229,64,D,G,7SVC,A
1286,ThermoMPNN,7SVC,0.8889896869659424,64,D,H,7SVC,A
1287,ThermoMPNN,7SVC,0.4231606721878052,64,D,I,7SVC,A
1288,ThermoMPNN,7SVC,1.058509111404419,64,D,K,7SVC,A
1289,ThermoMPNN,7SVC,0.5867246985435486,64,D,L,7SVC,A
1290,ThermoMPNN,7SVC,0.5337477326393127,64,D,M,7SVC,A
1291,ThermoMPNN,7SVC,0.7694476842880249,64,D,N,7SVC,A
1292,ThermoMPNN,7SVC,1.3692333698272705,64,D,P,7SVC,A
1293,ThermoMPNN,7SVC,0.6812587380409241,64,D,Q,7SVC,A
1294,ThermoMPNN,7SVC,1.0873565673828125,64,D,R,7SVC,A
1295,ThermoMPNN,7SVC,0.42418044805526733,64,D,S,7SVC,A
1296,ThermoMPNN,7SVC,0.7838516235351562,64,D,T,7SVC,A
1297,ThermoMPNN,7SVC,0.6205819249153137,64,D,V,7SVC,A
1298,ThermoMPNN,7SVC,0.3191715478897095,64,D,W,7SVC,A
1299,ThermoMPNN,7SVC,0.6495269536972046,64,D,Y,7SVC,A
1300,ThermoMPNN,7SVC,-0.10407239198684692,65,E,A,7SVC,A
1301,ThermoMPNN,7SVC,-0.38602882623672485,65,E,C,7SVC,A
1302,ThermoMPNN,7SVC,-0.08165907859802246,65,E,D,7SVC,A
1303,ThermoMPNN,7SVC,0.0,65,E,E,7SVC,A
1304,ThermoMPNN,7SVC,-0.3004944920539856,65,E,F,7SVC,A
1305,ThermoMPNN,7SVC,0.22542938590049744,65,E,G,7SVC,A
1306,ThermoMPNN,7SVC,-0.18356508016586304,65,E,H,7SVC,A
1307,ThermoMPNN,7SVC,-0.32109689712524414,65,E,I,7SVC,A
1308,ThermoMPNN,7SVC,-0.2753651738166809,65,E,K,7SVC,A
1309,ThermoMPNN,7SVC,-0.27939969301223755,65,E,L,7SVC,A
1310,ThermoMPNN,7SVC,-0.2093125581741333,65,E,M,7SVC,A
1311,ThermoMPNN,7SVC,-0.1928952932357788,65,E,N,7SVC,A
1312,ThermoMPNN,7SVC,0.4927421808242798,65,E,P,7SVC,A
1313,ThermoMPNN,7SVC,-0.15598738193511963,65,E,Q,7SVC,A
1314,ThermoMPNN,7SVC,-0.2753756046295166,65,E,R,7SVC,A
1315,ThermoMPNN,7SVC,-0.19334691762924194,65,E,S,7SVC,A
1316,ThermoMPNN,7SVC,-0.1853838562965393,65,E,T,7SVC,A
1317,ThermoMPNN,7SVC,-0.20562797784805298,65,E,V,7SVC,A
1318,ThermoMPNN,7SVC,-0.27132195234298706,65,E,W,7SVC,A
1319,ThermoMPNN,7SVC,-0.2657952308654785,65,E,Y,7SVC,A
1320,ThermoMPNN,7SVC,0.5167214274406433,66,D,A,7SVC,A
1321,ThermoMPNN,7SVC,0.25201165676116943,66,D,C,7SVC,A
1322,ThermoMPNN,7SVC,0.0,66,D,D,7SVC,A
1323,ThermoMPNN,7SVC,0.2906643748283386,66,D,E,7SVC,A
1324,ThermoMPNN,7SVC,0.5330625772476196,66,D,F,7SVC,A
1325,ThermoMPNN,7SVC,0.5613842010498047,66,D,G,7SVC,A
1326,ThermoMPNN,7SVC,0.5723550319671631,66,D,H,7SVC,A
1327,ThermoMPNN,7SVC,0.5668931007385254,66,D,I,7SVC,A
1328,ThermoMPNN,7SVC,0.5783888101577759,66,D,K,7SVC,A
1329,ThermoMPNN,7SVC,0.3627668619155884,66,D,L,7SVC,A
1330,ThermoMPNN,7SVC,0.442552387714386,66,D,M,7SVC,A
1331,ThermoMPNN,7SVC,0.20026737451553345,66,D,N,7SVC,A
1332,ThermoMPNN,7SVC,1.1599699258804321,66,D,P,7SVC,A
1333,ThermoMPNN,7SVC,0.40513360500335693,66,D,Q,7SVC,A
1334,ThermoMPNN,7SVC,0.6398208141326904,66,D,R,7SVC,A
1335,ThermoMPNN,7SVC,0.24005162715911865,66,D,S,7SVC,A
1336,ThermoMPNN,7SVC,0.09529101848602295,66,D,T,7SVC,A
1337,ThermoMPNN,7SVC,0.5584972500801086,66,D,V,7SVC,A
1338,ThermoMPNN,7SVC,0.5791789293289185,66,D,W,7SVC,A
1339,ThermoMPNN,7SVC,0.6976235508918762,66,D,Y,7SVC,A
1340,ThermoMPNN,7SVC,0.5780287384986877,67,G,A,7SVC,A
1341,ThermoMPNN,7SVC,0.30832767486572266,67,G,C,7SVC,A
1342,ThermoMPNN,7SVC,1.0997624397277832,67,G,D,7SVC,A
1343,ThermoMPNN,7SVC,0.844197154045105,67,G,E,7SVC,A
1344,ThermoMPNN,7SVC,0.652217447757721,67,G,F,7SVC,A
1345,ThermoMPNN,7SVC,0.0,67,G,G,7SVC,A
1346,ThermoMPNN,7SVC,0.4048721194267273,67,G,H,7SVC,A
1347,ThermoMPNN,7SVC,1.119425654411316,67,G,I,7SVC,A
1348,ThermoMPNN,7SVC,0.42428159713745117,67,G,K,7SVC,A
1349,ThermoMPNN,7SVC,0.7095398902893066,67,G,L,7SVC,A
1350,ThermoMPNN,7SVC,0.5865269303321838,67,G,M,7SVC,A
1351,ThermoMPNN,7SVC,0.5541799068450928,67,G,N,7SVC,A
1352,ThermoMPNN,7SVC,1.450907588005066,67,G,P,7SVC,A
1353,ThermoMPNN,7SVC,0.46264809370040894,67,G,Q,7SVC,A
1354,ThermoMPNN,7SVC,0.49742692708969116,67,G,R,7SVC,A
1355,ThermoMPNN,7SVC,0.7868608236312866,67,G,S,7SVC,A
1356,ThermoMPNN,7SVC,1.0253074169158936,67,G,T,7SVC,A
1357,ThermoMPNN,7SVC,1.1071207523345947,67,G,V,7SVC,A
1358,ThermoMPNN,7SVC,0.9188570976257324,67,G,W,7SVC,A
1359,ThermoMPNN,7SVC,0.7223765850067139,67,G,Y,7SVC,A
1360,ThermoMPNN,7SVC,0.09990227222442627,68,S,A,7SVC,A
1361,ThermoMPNN,7SVC,0.013909339904785156,68,S,C,7SVC,A
1362,ThermoMPNN,7SVC,0.20952332019805908,68,S,D,7SVC,A
1363,ThermoMPNN,7SVC,0.4087051749229431,68,S,E,7SVC,A
1364,ThermoMPNN,7SVC,0.40524423122406006,68,S,F,7SVC,A
1365,ThermoMPNN,7SVC,0.25428515672683716,68,S,G,7SVC,A
1366,ThermoMPNN,7SVC,0.32184898853302,68,S,H,7SVC,A
1367,ThermoMPNN,7SVC,0.5901151895523071,68,S,I,7SVC,A
1368,ThermoMPNN,7SVC,0.1839752197265625,68,S,K,7SVC,A
1369,ThermoMPNN,7SVC,0.22622346878051758,68,S,L,7SVC,A
1370,ThermoMPNN,7SVC,0.24838435649871826,68,S,M,7SVC,A
1371,ThermoMPNN,7SVC,-0.104042649269104,68,S,N,7SVC,A
1372,ThermoMPNN,7SVC,1.3599584102630615,68,S,P,7SVC,A
1373,ThermoMPNN,7SVC,0.3587772250175476,68,S,Q,7SVC,A
1374,ThermoMPNN,7SVC,0.20760631561279297,68,S,R,7SVC,A
1375,ThermoMPNN,7SVC,0.0,68,S,S,7SVC,A
1376,ThermoMPNN,7SVC,0.1574658751487732,68,S,T,7SVC,A
1377,ThermoMPNN,7SVC,0.5714579224586487,68,S,V,7SVC,A
1378,ThermoMPNN,7SVC,0.5007746815681458,68,S,W,7SVC,A
1379,ThermoMPNN,7SVC,0.467407763004303,68,S,Y,7SVC,A
1380,ThermoMPNN,7SVC,1.1160006523132324,69,G,A,7SVC,A
1381,ThermoMPNN,7SVC,0.5434515476226807,69,G,C,7SVC,A
1382,ThermoMPNN,7SVC,1.066819429397583,69,G,D,7SVC,A
1383,ThermoMPNN,7SVC,1.1408435106277466,69,G,E,7SVC,A
1384,ThermoMPNN,7SVC,0.9054986238479614,69,G,F,7SVC,A
1385,ThermoMPNN,7SVC,0.0,69,G,G,7SVC,A
1386,ThermoMPNN,7SVC,0.9487267136573792,69,G,H,7SVC,A
1387,ThermoMPNN,7SVC,1.3233650922775269,69,G,I,7SVC,A
1388,ThermoMPNN,7SVC,1.123356819152832,69,G,K,7SVC,A
1389,ThermoMPNN,7SVC,0.9940650463104248,69,G,L,7SVC,A
1390,ThermoMPNN,7SVC,0.9837573766708374,69,G,M,7SVC,A
1391,ThermoMPNN,7SVC,0.8407951593399048,69,G,N,7SVC,A
1392,ThermoMPNN,7SVC,1.7375819683074951,69,G,P,7SVC,A
1393,ThermoMPNN,7SVC,1.1026244163513184,69,G,Q,7SVC,A
1394,ThermoMPNN,7SVC,1.1841930150985718,69,G,R,7SVC,A
1395,ThermoMPNN,7SVC,1.138158917427063,69,G,S,7SVC,A
1396,ThermoMPNN,7SVC,1.2914881706237793,69,G,T,7SVC,A
1397,ThermoMPNN,7SVC,1.4056154489517212,69,G,V,7SVC,A
1398,ThermoMPNN,7SVC,1.113572597503662,69,G,W,7SVC,A
1399,ThermoMPNN,7SVC,1.0232195854187012,69,G,Y,7SVC,A
1400,ThermoMPNN,7SVC,0.2912532091140747,70,T,A,7SVC,A
1401,ThermoMPNN,7SVC,-0.005126953125,70,T,C,7SVC,A
1402,ThermoMPNN,7SVC,1.0390055179595947,70,T,D,7SVC,A
1403,ThermoMPNN,7SVC,1.0343345403671265,70,T,E,7SVC,A
1404,ThermoMPNN,7SVC,0.25345033407211304,70,T,F,7SVC,A
1405,ThermoMPNN,7SVC,0.7925816774368286,70,T,G,7SVC,A
1406,ThermoMPNN,7SVC,0.41088032722473145,70,T,H,7SVC,A
1407,ThermoMPNN,7SVC,0.6243705749511719,70,T,I,7SVC,A
1408,ThermoMPNN,7SVC,0.5505267977714539,70,T,K,7SVC,A
1409,ThermoMPNN,7SVC,0.42293328046798706,70,T,L,7SVC,A
1410,ThermoMPNN,7SVC,0.26333773136138916,70,T,M,7SVC,A
1411,ThermoMPNN,7SVC,0.4214046597480774,70,T,N,7SVC,A
1412,ThermoMPNN,7SVC,1.900139570236206,70,T,P,7SVC,A
1413,ThermoMPNN,7SVC,0.5193905234336853,70,T,Q,7SVC,A
1414,ThermoMPNN,7SVC,0.46953219175338745,70,T,R,7SVC,A
1415,ThermoMPNN,7SVC,0.021172165870666504,70,T,S,7SVC,A
1416,ThermoMPNN,7SVC,0.0,70,T,T,7SVC,A
1417,ThermoMPNN,7SVC,0.4512133002281189,70,T,V,7SVC,A
1418,ThermoMPNN,7SVC,0.24050861597061157,70,T,W,7SVC,A
1419,ThermoMPNN,7SVC,0.1810513734817505,70,T,Y,7SVC,A
1420,ThermoMPNN,7SVC,1.9341747760772705,71,V,A,7SVC,A
1421,ThermoMPNN,7SVC,1.0585823059082031,71,V,C,7SVC,A
1422,ThermoMPNN,7SVC,3.129453420639038,71,V,D,7SVC,A
1423,ThermoMPNN,7SVC,3.0026707649230957,71,V,E,7SVC,A
1424,ThermoMPNN,7SVC,1.3907042741775513,71,V,F,7SVC,A
1425,ThermoMPNN,7SVC,2.734805107116699,71,V,G,7SVC,A
1426,ThermoMPNN,7SVC,2.8359780311584473,71,V,H,7SVC,A
1427,ThermoMPNN,7SVC,-0.1367795467376709,71,V,I,7SVC,A
1428,ThermoMPNN,7SVC,2.970560312271118,71,V,K,7SVC,A
1429,ThermoMPNN,7SVC,0.356903076171875,71,V,L,7SVC,A
1430,ThermoMPNN,7SVC,0.7867395877838135,71,V,M,7SVC,A
1431,ThermoMPNN,7SVC,2.886401414871216,71,V,N,7SVC,A
1432,ThermoMPNN,7SVC,2.976022243499756,71,V,P,7SVC,A
1433,ThermoMPNN,7SVC,2.803487539291382,71,V,Q,7SVC,A
1434,ThermoMPNN,7SVC,2.850062131881714,71,V,R,7SVC,A
1435,ThermoMPNN,7SVC,2.796010971069336,71,V,S,7SVC,A
1436,ThermoMPNN,7SVC,2.187709093093872,71,V,T,7SVC,A
1437,ThermoMPNN,7SVC,0.0,71,V,V,7SVC,A
1438,ThermoMPNN,7SVC,2.108304500579834,71,V,W,7SVC,A
1439,ThermoMPNN,7SVC,2.213374137878418,71,V,Y,7SVC,A
1440,ThermoMPNN,7SVC,-0.12266123294830322,72,D,A,7SVC,A
1441,ThermoMPNN,7SVC,-0.23034405708312988,72,D,C,7SVC,A
1442,ThermoMPNN,7SVC,0.0,72,D,D,7SVC,A
1443,ThermoMPNN,7SVC,0.1678375005722046,72,D,E,7SVC,A
1444,ThermoMPNN,7SVC,0.15965014696121216,72,D,F,7SVC,A
1445,ThermoMPNN,7SVC,-0.18383580446243286,72,D,G,7SVC,A
1446,ThermoMPNN,7SVC,0.06136244535446167,72,D,H,7SVC,A
1447,ThermoMPNN,7SVC,0.37558886408805847,72,D,I,7SVC,A
1448,ThermoMPNN,7SVC,0.004202365875244141,72,D,K,7SVC,A
1449,ThermoMPNN,7SVC,0.20986777544021606,72,D,L,7SVC,A
1450,ThermoMPNN,7SVC,0.19341683387756348,72,D,M,7SVC,A
1451,ThermoMPNN,7SVC,-0.2349129319190979,72,D,N,7SVC,A
1452,ThermoMPNN,7SVC,0.9298065304756165,72,D,P,7SVC,A
1453,ThermoMPNN,7SVC,0.1422407627105713,72,D,Q,7SVC,A
1454,ThermoMPNN,7SVC,0.05546903610229492,72,D,R,7SVC,A
1455,ThermoMPNN,7SVC,-0.26700419187545776,72,D,S,7SVC,A
1456,ThermoMPNN,7SVC,-0.39910370111465454,72,D,T,7SVC,A
1457,ThermoMPNN,7SVC,0.19357436895370483,72,D,V,7SVC,A
1458,ThermoMPNN,7SVC,0.2890138328075409,72,D,W,7SVC,A
1459,ThermoMPNN,7SVC,0.16901981830596924,72,D,Y,7SVC,A
1460,ThermoMPNN,7SVC,1.8354260921478271,73,F,A,7SVC,A
1461,ThermoMPNN,7SVC,1.0819010734558105,73,F,C,7SVC,A
1462,ThermoMPNN,7SVC,2.4277963638305664,73,F,D,7SVC,A
1463,ThermoMPNN,7SVC,2.0591936111450195,73,F,E,7SVC,A
1464,ThermoMPNN,7SVC,0.0,73,F,F,7SVC,A
1465,ThermoMPNN,7SVC,2.2718234062194824,73,F,G,7SVC,A
1466,ThermoMPNN,7SVC,1.9973348379135132,73,F,H,7SVC,A
1467,ThermoMPNN,7SVC,1.3847215175628662,73,F,I,7SVC,A
1468,ThermoMPNN,7SVC,2.0858988761901855,73,F,K,7SVC,A
1469,ThermoMPNN,7SVC,1.0308024883270264,73,F,L,7SVC,A
1470,ThermoMPNN,7SVC,1.2000398635864258,73,F,M,7SVC,A
1471,ThermoMPNN,7SVC,2.3378400802612305,73,F,N,7SVC,A
1472,ThermoMPNN,7SVC,2.265063524246216,73,F,P,7SVC,A
1473,ThermoMPNN,7SVC,2.1686935424804688,73,F,Q,7SVC,A
1474,ThermoMPNN,7SVC,2.0023975372314453,73,F,R,7SVC,A
1475,ThermoMPNN,7SVC,2.1853175163269043,73,F,S,7SVC,A
1476,ThermoMPNN,7SVC,2.154073715209961,73,F,T,7SVC,A
1477,ThermoMPNN,7SVC,1.6138814687728882,73,F,V,7SVC,A
1478,ThermoMPNN,7SVC,0.8799624443054199,73,F,W,7SVC,A
1479,ThermoMPNN,7SVC,0.8315826654434204,73,F,Y,7SVC,A
1480,ThermoMPNN,7SVC,0.4851070046424866,74,D,A,7SVC,A
1481,ThermoMPNN,7SVC,-0.03337138891220093,74,D,C,7SVC,A
1482,ThermoMPNN,7SVC,0.0,74,D,D,7SVC,A
1483,ThermoMPNN,7SVC,0.1416190266609192,74,D,E,7SVC,A
1484,ThermoMPNN,7SVC,0.06389933824539185,74,D,F,7SVC,A
1485,ThermoMPNN,7SVC,0.7253963351249695,74,D,G,7SVC,A
1486,ThermoMPNN,7SVC,0.1359407901763916,74,D,H,7SVC,A
1487,ThermoMPNN,7SVC,0.4669247269630432,74,D,I,7SVC,A
1488,ThermoMPNN,7SVC,0.5482186079025269,74,D,K,7SVC,A
1489,ThermoMPNN,7SVC,0.2624623775482178,74,D,L,7SVC,A
1490,ThermoMPNN,7SVC,0.38688910007476807,74,D,M,7SVC,A
1491,ThermoMPNN,7SVC,0.08054351806640625,74,D,N,7SVC,A
1492,ThermoMPNN,7SVC,0.7915396690368652,74,D,P,7SVC,A
1493,ThermoMPNN,7SVC,0.41506636142730713,74,D,Q,7SVC,A
1494,ThermoMPNN,7SVC,0.5473804473876953,74,D,R,7SVC,A
1495,ThermoMPNN,7SVC,0.45679956674575806,74,D,S,7SVC,A
1496,ThermoMPNN,7SVC,0.5317476987838745,74,D,T,7SVC,A
1497,ThermoMPNN,7SVC,0.4603615403175354,74,D,V,7SVC,A
1498,ThermoMPNN,7SVC,0.045185625553131104,74,D,W,7SVC,A
1499,ThermoMPNN,7SVC,-0.054118812084198,74,D,Y,7SVC,A
1500,ThermoMPNN,7SVC,-0.21461576223373413,75,E,A,7SVC,A
1501,ThermoMPNN,7SVC,-0.34318989515304565,75,E,C,7SVC,A
1502,ThermoMPNN,7SVC,0.1835540235042572,75,E,D,7SVC,A
1503,ThermoMPNN,7SVC,0.0,75,E,E,7SVC,A
1504,ThermoMPNN,7SVC,0.08340436220169067,75,E,F,7SVC,A
1505,ThermoMPNN,7SVC,0.19174611568450928,75,E,G,7SVC,A
1506,ThermoMPNN,7SVC,-0.19955211877822876,75,E,H,7SVC,A
1507,ThermoMPNN,7SVC,-0.22784584760665894,75,E,I,7SVC,A
1508,ThermoMPNN,7SVC,-0.2550269365310669,75,E,K,7SVC,A
1509,ThermoMPNN,7SVC,-0.3089279532432556,75,E,L,7SVC,A
1510,ThermoMPNN,7SVC,-0.2766278386116028,75,E,M,7SVC,A
1511,ThermoMPNN,7SVC,-0.21181470155715942,75,E,N,7SVC,A
1512,ThermoMPNN,7SVC,0.9129074811935425,75,E,P,7SVC,A
1513,ThermoMPNN,7SVC,-0.23916703462600708,75,E,Q,7SVC,A
1514,ThermoMPNN,7SVC,-0.3544621467590332,75,E,R,7SVC,A
1515,ThermoMPNN,7SVC,-0.34452980756759644,75,E,S,7SVC,A
1516,ThermoMPNN,7SVC,-0.42014795541763306,75,E,T,7SVC,A
1517,ThermoMPNN,7SVC,-0.27547335624694824,75,E,V,7SVC,A
1518,ThermoMPNN,7SVC,-0.09597301483154297,75,E,W,7SVC,A
1519,ThermoMPNN,7SVC,-0.034668564796447754,75,E,Y,7SVC,A
1520,ThermoMPNN,7SVC,2.0616965293884277,76,F,A,7SVC,A
1521,ThermoMPNN,7SVC,1.144178867340088,76,F,C,7SVC,A
1522,ThermoMPNN,7SVC,2.8779478073120117,76,F,D,7SVC,A
1523,ThermoMPNN,7SVC,2.602220296859741,76,F,E,7SVC,A
1524,ThermoMPNN,7SVC,0.0,76,F,F,7SVC,A
1525,ThermoMPNN,7SVC,2.6106648445129395,76,F,G,7SVC,A
1526,ThermoMPNN,7SVC,2.1386122703552246,76,F,H,7SVC,A
1527,ThermoMPNN,7SVC,1.1903642416000366,76,F,I,7SVC,A
1528,ThermoMPNN,7SVC,2.4378254413604736,76,F,K,7SVC,A
1529,ThermoMPNN,7SVC,1.0423624515533447,76,F,L,7SVC,A
1530,ThermoMPNN,7SVC,1.211796522140503,76,F,M,7SVC,A
1531,ThermoMPNN,7SVC,2.6363697052001953,76,F,N,7SVC,A
1532,ThermoMPNN,7SVC,2.66668438911438,76,F,P,7SVC,A
1533,ThermoMPNN,7SVC,2.392374277114868,76,F,Q,7SVC,A
1534,ThermoMPNN,7SVC,2.3972017765045166,76,F,R,7SVC,A
1535,ThermoMPNN,7SVC,2.4569382667541504,76,F,S,7SVC,A
1536,ThermoMPNN,7SVC,2.325420618057251,76,F,T,7SVC,A
1537,ThermoMPNN,7SVC,1.3495627641677856,76,F,V,7SVC,A
1538,ThermoMPNN,7SVC,0.18001341819763184,76,F,W,7SVC,A
1539,ThermoMPNN,7SVC,0.44371867179870605,76,F,Y,7SVC,A
1540,ThermoMPNN,7SVC,2.285043239593506,77,L,A,7SVC,A
1541,ThermoMPNN,7SVC,1.4231148958206177,77,L,C,7SVC,A
1542,ThermoMPNN,7SVC,3.5204644203186035,77,L,D,7SVC,A
1543,ThermoMPNN,7SVC,2.9594414234161377,77,L,E,7SVC,A
1544,ThermoMPNN,7SVC,2.0388755798339844,77,L,F,7SVC,A
1545,ThermoMPNN,7SVC,2.9592843055725098,77,L,G,7SVC,A
1546,ThermoMPNN,7SVC,3.0247576236724854,77,L,H,7SVC,A
1547,ThermoMPNN,7SVC,0.831895112991333,77,L,I,7SVC,A
1548,ThermoMPNN,7SVC,2.5668678283691406,77,L,K,7SVC,A
1549,ThermoMPNN,7SVC,0.0,77,L,L,7SVC,A
1550,ThermoMPNN,7SVC,1.187232255935669,77,L,M,7SVC,A
1551,ThermoMPNN,7SVC,3.089627504348755,77,L,N,7SVC,A
1552,ThermoMPNN,7SVC,3.2183423042297363,77,L,P,7SVC,A
1553,ThermoMPNN,7SVC,2.7916135787963867,77,L,Q,7SVC,A
1554,ThermoMPNN,7SVC,2.5996084213256836,77,L,R,7SVC,A
1555,ThermoMPNN,7SVC,2.899275541305542,77,L,S,7SVC,A
1556,ThermoMPNN,7SVC,2.5274224281311035,77,L,T,7SVC,A
1557,ThermoMPNN,7SVC,0.9808446168899536,77,L,V,7SVC,A
1558,ThermoMPNN,7SVC,2.3240535259246826,77,L,W,7SVC,A
1559,ThermoMPNN,7SVC,2.4564976692199707,77,L,Y,7SVC,A
1560,ThermoMPNN,7SVC,0.7601786255836487,78,V,A,7SVC,A
1561,ThermoMPNN,7SVC,0.17250871658325195,78,V,C,7SVC,A
1562,ThermoMPNN,7SVC,1.5365614891052246,78,V,D,7SVC,A
1563,ThermoMPNN,7SVC,0.8236548900604248,78,V,E,7SVC,A
1564,ThermoMPNN,7SVC,0.36605167388916016,78,V,F,7SVC,A
1565,ThermoMPNN,7SVC,1.2573440074920654,78,V,G,7SVC,A
1566,ThermoMPNN,7SVC,0.6089496612548828,78,V,H,7SVC,A
1567,ThermoMPNN,7SVC,-0.1342412233352661,78,V,I,7SVC,A
1568,ThermoMPNN,7SVC,0.27007126808166504,78,V,K,7SVC,A
1569,ThermoMPNN,7SVC,-0.34177863597869873,78,V,L,7SVC,A
1570,ThermoMPNN,7SVC,0.050928473472595215,78,V,M,7SVC,A
1571,ThermoMPNN,7SVC,1.1019470691680908,78,V,N,7SVC,A
1572,ThermoMPNN,7SVC,1.8157753944396973,78,V,P,7SVC,A
1573,ThermoMPNN,7SVC,0.4591858386993408,78,V,Q,7SVC,A
1574,ThermoMPNN,7SVC,0.15835845470428467,78,V,R,7SVC,A
1575,ThermoMPNN,7SVC,1.114447832107544,78,V,S,7SVC,A
1576,ThermoMPNN,7SVC,0.7221373319625854,78,V,T,7SVC,A
1577,ThermoMPNN,7SVC,0.0,78,V,V,7SVC,A
1578,ThermoMPNN,7SVC,0.2935664653778076,78,V,W,7SVC,A
1579,ThermoMPNN,7SVC,0.2463308572769165,78,V,Y,7SVC,A
1580,ThermoMPNN,7SVC,0.961180567741394,79,M,A,7SVC,A
1581,ThermoMPNN,7SVC,0.20458149909973145,79,M,C,7SVC,A
1582,ThermoMPNN,7SVC,2.623460292816162,79,M,D,7SVC,A
1583,ThermoMPNN,7SVC,2.3394999504089355,79,M,E,7SVC,A
1584,ThermoMPNN,7SVC,0.06739425659179688,79,M,F,7SVC,A
1585,ThermoMPNN,7SVC,1.9257490634918213,79,M,G,7SVC,A
1586,ThermoMPNN,7SVC,1.547140121459961,79,M,H,7SVC,A
1587,ThermoMPNN,7SVC,0.13482701778411865,79,M,I,7SVC,A
1588,ThermoMPNN,7SVC,2.116455554962158,79,M,K,7SVC,A
1589,ThermoMPNN,7SVC,-0.05250847339630127,79,M,L,7SVC,A
1590,ThermoMPNN,7SVC,0.0,79,M,M,7SVC,A
1591,ThermoMPNN,7SVC,2.0698580741882324,79,M,N,7SVC,A
1592,ThermoMPNN,7SVC,2.346348285675049,79,M,P,7SVC,A
1593,ThermoMPNN,7SVC,1.8935160636901855,79,M,Q,7SVC,A
1594,ThermoMPNN,7SVC,1.95643949508667,79,M,R,7SVC,A
1595,ThermoMPNN,7SVC,1.7039539813995361,79,M,S,7SVC,A
1596,ThermoMPNN,7SVC,1.6535053253173828,79,M,T,7SVC,A
1597,ThermoMPNN,7SVC,0.4247485399246216,79,M,V,7SVC,A
1598,ThermoMPNN,7SVC,0.04932808876037598,79,M,W,7SVC,A
1599,ThermoMPNN,7SVC,0.24901485443115234,79,M,Y,7SVC,A
1600,ThermoMPNN,7SVC,1.4240045547485352,80,M,A,7SVC,A
1601,ThermoMPNN,7SVC,0.33529162406921387,80,M,C,7SVC,A
1602,ThermoMPNN,7SVC,3.1468424797058105,80,M,D,7SVC,A
1603,ThermoMPNN,7SVC,2.331885814666748,80,M,E,7SVC,A
1604,ThermoMPNN,7SVC,0.6927556991577148,80,M,F,7SVC,A
1605,ThermoMPNN,7SVC,2.4236555099487305,80,M,G,7SVC,A
1606,ThermoMPNN,7SVC,1.423887014389038,80,M,H,7SVC,A
1607,ThermoMPNN,7SVC,0.4289536476135254,80,M,I,7SVC,A
1608,ThermoMPNN,7SVC,1.3603999614715576,80,M,K,7SVC,A
1609,ThermoMPNN,7SVC,-0.06070518493652344,80,M,L,7SVC,A
1610,ThermoMPNN,7SVC,0.0,80,M,M,7SVC,A
1611,ThermoMPNN,7SVC,1.8469038009643555,80,M,N,7SVC,A
1612,ThermoMPNN,7SVC,3.1826443672180176,80,M,P,7SVC,A
1613,ThermoMPNN,7SVC,1.5769578218460083,80,M,Q,7SVC,A
1614,ThermoMPNN,7SVC,1.2117918729782104,80,M,R,7SVC,A
1615,ThermoMPNN,7SVC,1.8107504844665527,80,M,S,7SVC,A
1616,ThermoMPNN,7SVC,1.5455217361450195,80,M,T,7SVC,A
1617,ThermoMPNN,7SVC,0.686241865158081,80,M,V,7SVC,A
1618,ThermoMPNN,7SVC,0.7000148296356201,80,M,W,7SVC,A
1619,ThermoMPNN,7SVC,0.8744733333587646,80,M,Y,7SVC,A
1620,ThermoMPNN,7SVC,0.5103060007095337,81,V,A,7SVC,A
1621,ThermoMPNN,7SVC,0.2248896360397339,81,V,C,7SVC,A
1622,ThermoMPNN,7SVC,1.8051691055297852,81,V,D,7SVC,A
1623,ThermoMPNN,7SVC,1.3606805801391602,81,V,E,7SVC,A
1624,ThermoMPNN,7SVC,0.7555028796195984,81,V,F,7SVC,A
1625,ThermoMPNN,7SVC,1.6682052612304688,81,V,G,7SVC,A
1626,ThermoMPNN,7SVC,1.3241206407546997,81,V,H,7SVC,A
1627,ThermoMPNN,7SVC,0.023745298385620117,81,V,I,7SVC,A
1628,ThermoMPNN,7SVC,1.4027974605560303,81,V,K,7SVC,A
1629,ThermoMPNN,7SVC,0.1011052131652832,81,V,L,7SVC,A
1630,ThermoMPNN,7SVC,0.19058597087860107,81,V,M,7SVC,A
1631,ThermoMPNN,7SVC,1.570227861404419,81,V,N,7SVC,A
1632,ThermoMPNN,7SVC,1.628352403640747,81,V,P,7SVC,A
1633,ThermoMPNN,7SVC,1.1441949605941772,81,V,Q,7SVC,A
1634,ThermoMPNN,7SVC,1.43479585647583,81,V,R,7SVC,A
1635,ThermoMPNN,7SVC,1.0986254215240479,81,V,S,7SVC,A
1636,ThermoMPNN,7SVC,0.7865948677062988,81,V,T,7SVC,A
1637,ThermoMPNN,7SVC,0.0,81,V,V,7SVC,A
1638,ThermoMPNN,7SVC,0.7197679281234741,81,V,W,7SVC,A
1639,ThermoMPNN,7SVC,0.9849714040756226,81,V,Y,7SVC,A
1640,ThermoMPNN,7SVC,0.311967134475708,82,R,A,7SVC,A
1641,ThermoMPNN,7SVC,0.5788361430168152,82,R,C,7SVC,A
1642,ThermoMPNN,7SVC,1.5415180921554565,82,R,D,7SVC,A
1643,ThermoMPNN,7SVC,1.4769163131713867,82,R,E,7SVC,A
1644,ThermoMPNN,7SVC,0.8171736001968384,82,R,F,7SVC,A
1645,ThermoMPNN,7SVC,0.8317521810531616,82,R,G,7SVC,A
1646,ThermoMPNN,7SVC,0.8704429268836975,82,R,H,7SVC,A
1647,ThermoMPNN,7SVC,0.8357231616973877,82,R,I,7SVC,A
1648,ThermoMPNN,7SVC,0.2758251428604126,82,R,K,7SVC,A
1649,ThermoMPNN,7SVC,0.6615141034126282,82,R,L,7SVC,A
1650,ThermoMPNN,7SVC,0.5522792935371399,82,R,M,7SVC,A
1651,ThermoMPNN,7SVC,1.0991634130477905,82,R,N,7SVC,A
1652,ThermoMPNN,7SVC,2.0469791889190674,82,R,P,7SVC,A
1653,ThermoMPNN,7SVC,0.755687952041626,82,R,Q,7SVC,A
1654,ThermoMPNN,7SVC,0.0,82,R,R,7SVC,A
1655,ThermoMPNN,7SVC,0.599607527256012,82,R,S,7SVC,A
1656,ThermoMPNN,7SVC,0.9054582715034485,82,R,T,7SVC,A
1657,ThermoMPNN,7SVC,0.951663076877594,82,R,V,7SVC,A
1658,ThermoMPNN,7SVC,0.7332724928855896,82,R,W,7SVC,A
1659,ThermoMPNN,7SVC,0.8174173831939697,82,R,Y,7SVC,A
1660,ThermoMPNN,7SVC,0.2559473514556885,83,C,A,7SVC,A
1661,ThermoMPNN,7SVC,0.0,83,C,C,7SVC,A
1662,ThermoMPNN,7SVC,1.142672061920166,83,C,D,7SVC,A
1663,ThermoMPNN,7SVC,0.9676309823989868,83,C,E,7SVC,A
1664,ThermoMPNN,7SVC,0.11062777042388916,83,C,F,7SVC,A
1665,ThermoMPNN,7SVC,0.6563431024551392,83,C,G,7SVC,A
1666,ThermoMPNN,7SVC,0.5444868803024292,83,C,H,7SVC,A
1667,ThermoMPNN,7SVC,0.24293732643127441,83,C,I,7SVC,A
1668,ThermoMPNN,7SVC,0.40543174743652344,83,C,K,7SVC,A
1669,ThermoMPNN,7SVC,0.005370378494262695,83,C,L,7SVC,A
1670,ThermoMPNN,7SVC,0.09353792667388916,83,C,M,7SVC,A
1671,ThermoMPNN,7SVC,0.803867757320404,83,C,N,7SVC,A
1672,ThermoMPNN,7SVC,1.7752578258514404,83,C,P,7SVC,A
1673,ThermoMPNN,7SVC,0.5622231364250183,83,C,Q,7SVC,A
1674,ThermoMPNN,7SVC,0.37620067596435547,83,C,R,7SVC,A
1675,ThermoMPNN,7SVC,0.6398476362228394,83,C,S,7SVC,A
1676,ThermoMPNN,7SVC,0.7572249174118042,83,C,T,7SVC,A
1677,ThermoMPNN,7SVC,0.39581727981567383,83,C,V,7SVC,A
1678,ThermoMPNN,7SVC,-0.07059240341186523,83,C,W,7SVC,A
1679,ThermoMPNN,7SVC,0.05268537998199463,83,C,Y,7SVC,A
1680,ThermoMPNN,7SVC,0.22201406955718994,84,M,A,7SVC,A
1681,ThermoMPNN,7SVC,0.005922675132751465,84,M,C,7SVC,A
1682,ThermoMPNN,7SVC,0.453200101852417,84,M,D,7SVC,A
1683,ThermoMPNN,7SVC,0.3299022912979126,84,M,E,7SVC,A
1684,ThermoMPNN,7SVC,0.17209112644195557,84,M,F,7SVC,A
1685,ThermoMPNN,7SVC,0.538760244846344,84,M,G,7SVC,A
1686,ThermoMPNN,7SVC,0.34077388048171997,84,M,H,7SVC,A
1687,ThermoMPNN,7SVC,0.1124771237373352,84,M,I,7SVC,A
1688,ThermoMPNN,7SVC,0.185316801071167,84,M,K,7SVC,A
1689,ThermoMPNN,7SVC,-0.0013272762298583984,84,M,L,7SVC,A
1690,ThermoMPNN,7SVC,0.0,84,M,M,7SVC,A
1691,ThermoMPNN,7SVC,0.37420594692230225,84,M,N,7SVC,A
1692,ThermoMPNN,7SVC,1.3307905197143555,84,M,P,7SVC,A
1693,ThermoMPNN,7SVC,0.19393199682235718,84,M,Q,7SVC,A
1694,ThermoMPNN,7SVC,0.1374226212501526,84,M,R,7SVC,A
1695,ThermoMPNN,7SVC,0.4204847812652588,84,M,S,7SVC,A
1696,ThermoMPNN,7SVC,0.4280693531036377,84,M,T,7SVC,A
1697,ThermoMPNN,7SVC,0.263197124004364,84,M,V,7SVC,A
1698,ThermoMPNN,7SVC,0.09282159805297852,84,M,W,7SVC,A
1699,ThermoMPNN,7SVC,0.18766868114471436,84,M,Y,7SVC,A
1700,ThermoMPNN,7SVC,0.15153437852859497,85,K,A,7SVC,A
1701,ThermoMPNN,7SVC,-0.02142876386642456,85,K,C,7SVC,A
1702,ThermoMPNN,7SVC,0.47109776735305786,85,K,D,7SVC,A
1703,ThermoMPNN,7SVC,0.3978061079978943,85,K,E,7SVC,A
1704,ThermoMPNN,7SVC,0.093528151512146,85,K,F,7SVC,A
1705,ThermoMPNN,7SVC,0.37183713912963867,85,K,G,7SVC,A
1706,ThermoMPNN,7SVC,0.21217066049575806,85,K,H,7SVC,A
1707,ThermoMPNN,7SVC,0.0671502947807312,85,K,I,7SVC,A
1708,ThermoMPNN,7SVC,0.0,85,K,K,7SVC,A
1709,ThermoMPNN,7SVC,-0.12114834785461426,85,K,L,7SVC,A
1710,ThermoMPNN,7SVC,0.029705584049224854,85,K,M,7SVC,A
1711,ThermoMPNN,7SVC,0.19577491283416748,85,K,N,7SVC,A
1712,ThermoMPNN,7SVC,0.6549028158187866,85,K,P,7SVC,A
1713,ThermoMPNN,7SVC,0.21338528394699097,85,K,Q,7SVC,A
1714,ThermoMPNN,7SVC,0.01802241802215576,85,K,R,7SVC,A
1715,ThermoMPNN,7SVC,0.23881447315216064,85,K,S,7SVC,A
1716,ThermoMPNN,7SVC,0.15513241291046143,85,K,T,7SVC,A
1717,ThermoMPNN,7SVC,0.12816816568374634,85,K,V,7SVC,A
1718,ThermoMPNN,7SVC,0.13999181985855103,85,K,W,7SVC,A
1719,ThermoMPNN,7SVC,0.1298387050628662,85,K,Y,7SVC,A
1720,ThermoMPNN,7SVC,0.17537248134613037,86,D,A,7SVC,A
1721,ThermoMPNN,7SVC,-0.1549631953239441,86,D,C,7SVC,A
1722,ThermoMPNN,7SVC,0.0,86,D,D,7SVC,A
1723,ThermoMPNN,7SVC,0.28144532442092896,86,D,E,7SVC,A
1724,ThermoMPNN,7SVC,0.1097944974899292,86,D,F,7SVC,A
1725,ThermoMPNN,7SVC,-0.16362863779067993,86,D,G,7SVC,A
1726,ThermoMPNN,7SVC,0.12077218294143677,86,D,H,7SVC,A
1727,ThermoMPNN,7SVC,0.551754891872406,86,D,I,7SVC,A
1728,ThermoMPNN,7SVC,0.19602572917938232,86,D,K,7SVC,A
1729,ThermoMPNN,7SVC,0.1299489140510559,86,D,L,7SVC,A
1730,ThermoMPNN,7SVC,0.08204513788223267,86,D,M,7SVC,A
1731,ThermoMPNN,7SVC,-0.1061740517616272,86,D,N,7SVC,A
1732,ThermoMPNN,7SVC,0.8188071846961975,86,D,P,7SVC,A
1733,ThermoMPNN,7SVC,0.1469278335571289,86,D,Q,7SVC,A
1734,ThermoMPNN,7SVC,0.25277090072631836,86,D,R,7SVC,A
1735,ThermoMPNN,7SVC,0.12064999341964722,86,D,S,7SVC,A
1736,ThermoMPNN,7SVC,0.5010614395141602,86,D,T,7SVC,A
1737,ThermoMPNN,7SVC,0.5526706576347351,86,D,V,7SVC,A
1738,ThermoMPNN,7SVC,0.07207560539245605,86,D,W,7SVC,A
1739,ThermoMPNN,7SVC,0.22549957036972046,86,D,Y,7SVC,A
1740,ThermoMPNN,7SVC,0.42534399032592773,87,D,A,7SVC,A
1741,ThermoMPNN,7SVC,0.13172471523284912,87,D,C,7SVC,A
1742,ThermoMPNN,7SVC,0.0,87,D,D,7SVC,A
1743,ThermoMPNN,7SVC,0.30737853050231934,87,D,E,7SVC,A
1744,ThermoMPNN,7SVC,0.3646799325942993,87,D,F,7SVC,A
1745,ThermoMPNN,7SVC,0.5048750638961792,87,D,G,7SVC,A
1746,ThermoMPNN,7SVC,0.360739529132843,87,D,H,7SVC,A
1747,ThermoMPNN,7SVC,0.4118310213088989,87,D,I,7SVC,A
1748,ThermoMPNN,7SVC,0.6378891468048096,87,D,K,7SVC,A
1749,ThermoMPNN,7SVC,0.33041661977767944,87,D,L,7SVC,A
1750,ThermoMPNN,7SVC,0.4193309545516968,87,D,M,7SVC,A
1751,ThermoMPNN,7SVC,0.2515518069267273,87,D,N,7SVC,A
1752,ThermoMPNN,7SVC,0.6553160548210144,87,D,P,7SVC,A
1753,ThermoMPNN,7SVC,0.4652712345123291,87,D,Q,7SVC,A
1754,ThermoMPNN,7SVC,0.6366398334503174,87,D,R,7SVC,A
1755,ThermoMPNN,7SVC,0.300136923789978,87,D,S,7SVC,A
1756,ThermoMPNN,7SVC,0.4203624129295349,87,D,T,7SVC,A
1757,ThermoMPNN,7SVC,0.4931206703186035,87,D,V,7SVC,A
1758,ThermoMPNN,7SVC,0.21924257278442383,87,D,W,7SVC,A
1759,ThermoMPNN,7SVC,0.4420279264450073,87,D,Y,7SVC,A
1760,ThermoMPNN,7SVC,-0.04071718454360962,88,S,A,7SVC,A
1761,ThermoMPNN,7SVC,-0.2325841188430786,88,S,C,7SVC,A
1762,ThermoMPNN,7SVC,0.17192208766937256,88,S,D,7SVC,A
1763,ThermoMPNN,7SVC,0.18989449739456177,88,S,E,7SVC,A
1764,ThermoMPNN,7SVC,-0.012820184230804443,88,S,F,7SVC,A
1765,ThermoMPNN,7SVC,0.015229582786560059,88,S,G,7SVC,A
1766,ThermoMPNN,7SVC,0.021764397621154785,88,S,H,7SVC,A
1767,ThermoMPNN,7SVC,-0.11143916845321655,88,S,I,7SVC,A
1768,ThermoMPNN,7SVC,0.045044124126434326,88,S,K,7SVC,A
1769,ThermoMPNN,7SVC,-0.05074030160903931,88,S,L,7SVC,A
1770,ThermoMPNN,7SVC,-0.049325406551361084,88,S,M,7SVC,A
1771,ThermoMPNN,7SVC,0.084067702293396,88,S,N,7SVC,A
1772,ThermoMPNN,7SVC,0.01462012529373169,88,S,P,7SVC,A
1773,ThermoMPNN,7SVC,0.08567988872528076,88,S,Q,7SVC,A
1774,ThermoMPNN,7SVC,0.08280497789382935,88,S,R,7SVC,A
1775,ThermoMPNN,7SVC,0.0,88,S,S,7SVC,A
1776,ThermoMPNN,7SVC,0.047421813011169434,88,S,T,7SVC,A
1777,ThermoMPNN,7SVC,0.019784748554229736,88,S,V,7SVC,A
1778,ThermoMPNN,7SVC,-0.24133485555648804,88,S,W,7SVC,A
1779,ThermoMPNN,7SVC,-0.0036514997482299805,88,S,Y,7SVC,A
